,date,predictions
0,2012-01-01 02:14:52.828800,460.8634
1,2012-01-01 05:53:02.428800,451.45297
2,2012-01-01 09:31:12.028800,457.85623
3,2012-01-01 13:09:21.628800,454.899
4,2012-01-01 16:47:31.228800,452.71042
5,2012-01-01 20:25:40.828800,434.79422
6,2012-01-02 00:03:50.428800,431.9197
7,2012-01-02 03:42:00.028800,434.8746
8,2012-01-02 07:20:09.628800,420.41116
9,2012-01-02 10:58:19.228800,400.76666
10,2012-01-02 14:36:28.828800,398.1163
11,2012-01-02 18:14:38.428800,404.50604
12,2012-01-02 21:52:48.028800,402.83734
13,2012-01-03 01:30:57.628800,401.30875
14,2012-01-03 05:09:07.228800,394.8514
15,2012-01-03 08:47:16.828800,386.42023
16,2012-01-03 12:25:26.428800,369.5129
17,2012-01-03 16:03:36.028800,373.39502
18,2012-01-03 19:41:45.628800,379.74786
19,2012-01-03 23:19:55.228800,379.74786
20,2012-01-04 02:58:04.828800,371.08197
21,2012-01-04 06:36:14.428800,351.1159
22,2012-01-04 10:14:24.028800,355.0218
23,2012-01-04 13:52:33.628800,348.26138
24,2012-01-04 17:30:43.228800,352.97528
25,2012-01-04 21:08:52.828800,361.03668
26,2012-01-05 00:47:02.428800,377.3379
27,2012-01-05 04:25:12.028800,371.90073
28,2012-01-05 08:03:21.628800,360.22327
29,2012-01-05 11:41:31.228800,377.7094
30,2012-01-05 15:19:40.828800,384.37997
31,2012-01-05 18:57:50.428800,384.0924
32,2012-01-05 22:36:00.028800,384.7921
33,2012-01-06 02:14:09.628800,382.20862
34,2012-01-06 05:52:19.228800,387.5748
35,2012-01-06 09:30:28.828800,417.2444
36,2012-01-06 13:08:38.428800,435.72485
37,2012-01-06 16:46:48.028800,435.62976
38,2012-01-06 20:24:57.628800,451.42862
39,2012-01-07 00:03:07.228800,433.19193
40,2012-01-07 03:41:16.828800,430.3761
41,2012-01-07 07:19:26.428800,440.02524
42,2012-01-07 10:57:36.028800,466.28278
43,2012-01-07 14:35:45.628800,481.17166
44,2012-01-07 18:13:55.228800,478.30408
45,2012-01-07 21:52:04.828800,488.63544
46,2012-01-08 01:30:14.428800,488.63544
47,2012-01-08 05:08:24.028800,476.5451
48,2012-01-08 08:46:33.628800,468.76526
49,2012-01-08 12:24:43.228800,473.34756
50,2012-01-08 16:02:52.828800,474.43207
51,2012-01-08 19:41:02.428800,477.42938
52,2012-01-08 23:19:12.028800,478.24512
53,2012-01-09 02:57:21.628800,477.54916
54,2012-01-09 06:35:31.228800,474.8991
55,2012-01-09 10:13:40.828800,463.6276
56,2012-01-09 13:51:50.428800,463.6276
57,2012-01-09 17:30:00.028800,459.70804
58,2012-01-09 21:08:09.628800,463.60898
59,2012-01-10 00:46:19.228800,458.99075
60,2012-01-10 04:24:28.828800,450.1526
61,2012-01-10 08:02:38.428800,446.72333
62,2012-01-10 11:40:48.028800,440.20193
63,2012-01-10 15:18:57.628800,438.42587
64,2012-01-10 18:57:07.228800,426.32474
65,2012-01-10 22:35:16.828800,416.98126
66,2012-01-11 02:13:26.428800,417.9265
67,2012-01-11 05:51:36.028800,414.713
68,2012-01-11 09:29:45.628800,401.14624
69,2012-01-11 13:07:55.228800,388.33405
70,2012-01-11 16:46:04.828800,388.58456
71,2012-01-11 20:24:14.428800,387.84433
72,2012-01-12 00:02:24.028800,381.6822
73,2012-01-12 03:40:33.628800,375.7016
74,2012-01-12 07:18:43.228800,378.84583
75,2012-01-12 10:56:52.828800,385.59073
76,2012-01-12 14:35:02.428800,381.7167
77,2012-01-12 18:13:12.028800,377.37067
78,2012-01-12 21:51:21.628800,376.77243
79,2012-01-13 01:29:31.228800,368.94272
80,2012-01-13 05:07:40.828800,364.9645
81,2012-01-13 08:45:50.428800,369.3472
82,2012-01-13 12:24:00.028800,381.98767
83,2012-01-13 16:02:09.628800,388.4196
84,2012-01-13 19:40:19.228800,378.24725
85,2012-01-13 23:18:28.828800,371.97903
86,2012-01-14 02:56:38.428800,367.47678
87,2012-01-14 06:34:48.028800,364.6704
88,2012-01-14 10:12:57.628800,362.934
89,2012-01-14 13:51:07.228800,369.25125
90,2012-01-14 17:29:16.828800,374.6671
91,2012-01-14 21:07:26.428800,374.3448
92,2012-01-15 00:45:36.028800,387.0977
93,2012-01-15 04:23:45.628800,377.6613
94,2012-01-15 08:01:55.228800,367.0435
95,2012-01-15 11:40:04.828800,344.15128
96,2012-01-15 15:18:14.428800,358.20016
97,2012-01-15 18:56:24.028800,367.45023
98,2012-01-15 22:34:33.628800,362.93097
99,2012-01-16 02:12:43.228800,366.0207
100,2012-01-16 05:50:52.828800,370.27002
101,2012-01-16 09:29:02.428800,355.71542
102,2012-01-16 13:07:12.028800,351.26544
103,2012-01-16 16:45:21.628800,351.7212
104,2012-01-16 20:23:31.228800,370.04755
105,2012-01-17 00:01:40.828800,376.19012
106,2012-01-17 03:39:50.428800,375.67148
107,2012-01-17 07:18:00.028800,383.92072
108,2012-01-17 10:56:09.628800,377.46185
109,2012-01-17 14:34:19.228800,370.0745
110,2012-01-17 18:12:28.828800,369.53314
111,2012-01-17 21:50:38.428800,380.3871
112,2012-01-18 01:28:48.028800,381.40747
113,2012-01-18 05:06:57.628800,390.2062
114,2012-01-18 08:45:07.228800,395.1456
115,2012-01-18 12:23:16.828800,382.0271
116,2012-01-18 16:01:26.428800,380.88293
117,2012-01-18 19:39:36.028800,386.21634
118,2012-01-18 23:17:45.628800,377.01776
119,2012-01-19 02:55:55.228800,365.697
120,2012-01-19 06:34:04.828800,392.48514
121,2012-01-19 10:12:14.428800,395.37027
122,2012-01-19 13:50:24.028800,374.2441
123,2012-01-19 17:28:33.628800,371.24435
124,2012-01-19 21:06:43.228800,363.32578
125,2012-01-20 00:44:52.828800,354.67203
126,2012-01-20 04:23:02.428800,352.46524
127,2012-01-20 08:01:12.028800,371.47186
128,2012-01-20 11:39:21.628800,376.81305
129,2012-01-20 15:17:31.228800,379.09686
130,2012-01-20 18:55:40.828800,380.65985
131,2012-01-20 22:33:50.428800,382.39853
132,2012-01-21 02:12:00.028800,385.3791
133,2012-01-21 05:50:09.628800,370.04144
134,2012-01-21 09:28:19.228800,351.3523
135,2012-01-21 13:06:28.828800,367.02823
136,2012-01-21 16:44:38.428800,374.6896
137,2012-01-21 20:22:48.028800,359.11035
138,2012-01-22 00:00:57.628800,365.20938
139,2012-01-22 03:39:07.228800,375.40128
140,2012-01-22 07:17:16.828800,356.9117
141,2012-01-22 10:55:26.428800,350.43628
142,2012-01-22 14:33:36.028800,346.2414
143,2012-01-22 18:11:45.628800,338.9493
144,2012-01-22 21:49:55.228800,334.79468
145,2012-01-23 01:28:04.828800,340.537
146,2012-01-23 05:06:14.428800,335.78793
147,2012-01-23 08:44:24.028800,334.41592
148,2012-01-23 12:22:33.628800,332.45306
149,2012-01-23 16:00:43.228800,334.27386
150,2012-01-23 19:38:52.828800,331.17926
151,2012-01-23 23:17:02.428800,329.61557
152,2012-01-24 02:55:12.028800,334.728
153,2012-01-24 06:33:21.628800,324.11108
154,2012-01-24 10:11:31.228800,321.2112
155,2012-01-24 13:49:40.828800,329.1887
156,2012-01-24 17:27:50.428800,335.09753
157,2012-01-24 21:06:00.028800,342.46286
158,2012-01-25 00:44:09.628800,354.36182
159,2012-01-25 04:22:19.228800,357.86862
160,2012-01-25 08:00:28.828800,352.78864
161,2012-01-25 11:38:38.428800,343.1259
162,2012-01-25 15:16:48.028800,341.01486
163,2012-01-25 18:54:57.628800,345.94885
164,2012-01-25 22:33:07.228800,348.89523
165,2012-01-26 02:11:16.828800,350.78287
166,2012-01-26 05:49:26.428800,364.15942
167,2012-01-26 09:27:36.028800,375.46002
168,2012-01-26 13:05:45.628800,352.48123
169,2012-01-26 16:43:55.228800,339.17725
170,2012-01-26 20:22:04.828800,345.15012
171,2012-01-27 00:00:14.428800,350.19302
172,2012-01-27 03:38:24.028800,357.79947
173,2012-01-27 07:16:33.628800,367.11237
174,2012-01-27 10:54:43.228800,370.92523
175,2012-01-27 14:32:52.828800,363.56116
176,2012-01-27 18:11:02.428800,362.9783
177,2012-01-27 21:49:12.028800,380.62317
178,2012-01-28 01:27:21.628800,391.9348
179,2012-01-28 05:05:31.228800,375.8244
180,2012-01-28 08:43:40.828800,370.99124
181,2012-01-28 12:21:50.428800,378.28995
182,2012-01-28 16:00:00.028800,387.05325
183,2012-01-28 19:38:09.628800,387.55637
184,2012-01-28 23:16:19.228800,383.73517
185,2012-01-29 02:54:28.828800,395.724
186,2012-01-29 06:32:38.428800,386.9883
187,2012-01-29 10:10:48.028800,368.23602
188,2012-01-29 13:48:57.628800,383.2501
189,2012-01-29 17:27:07.228800,395.64114
190,2012-01-29 21:05:16.828800,396.98856
191,2012-01-30 00:43:26.428800,400.60385
192,2012-01-30 04:21:36.028800,395.7201
193,2012-01-30 07:59:45.628800,388.0812
194,2012-01-30 11:37:55.228800,367.34396
195,2012-01-30 15:16:04.828800,373.15778
196,2012-01-30 18:54:14.428800,381.19498
197,2012-01-30 22:32:24.028800,371.70245
198,2012-01-31 02:10:33.628800,363.0345
199,2012-01-31 05:48:43.228800,354.97946
200,2012-01-31 09:26:52.828800,366.63998
201,2012-01-31 13:05:02.428800,363.20612
202,2012-01-31 16:43:12.028800,372.25073
203,2012-01-31 20:21:21.628800,367.00995
204,2012-01-31 23:59:31.228800,370.904
205,2012-02-01 03:37:40.828800,364.91714
206,2012-02-01 07:15:50.428800,372.13348
207,2012-02-01 10:54:00.028800,373.05978
208,2012-02-01 14:32:09.628800,367.4219
209,2012-02-01 18:10:19.228800,372.83237
210,2012-02-01 21:48:28.828800,386.7486
211,2012-02-02 01:26:38.428800,385.6953
212,2012-02-02 05:04:48.028800,387.75937
213,2012-02-02 08:42:57.628800,387.30197
214,2012-02-02 12:21:07.228800,407.73367
215,2012-02-02 15:59:16.828800,413.08847
216,2012-02-02 19:37:26.428800,421.51428
217,2012-02-02 23:15:36.028800,427.98727
218,2012-02-03 02:53:45.628800,424.87302
219,2012-02-03 06:31:55.228800,433.67175
220,2012-02-03 10:10:04.828800,430.72458
221,2012-02-03 13:48:14.428800,434.49545
222,2012-02-03 17:26:24.028800,428.7392
223,2012-02-03 21:04:33.628800,431.14423
224,2012-02-04 00:42:43.228800,441.79852
225,2012-02-04 04:20:52.828800,441.79852
226,2012-02-04 07:59:02.428800,452.05402
227,2012-02-04 11:37:12.028800,453.3955
228,2012-02-04 15:15:21.628800,453.3955
229,2012-02-04 18:53:31.228800,454.83853
230,2012-02-04 22:31:40.828800,456.0778
231,2012-02-05 02:09:50.428800,447.4318
232,2012-02-05 05:48:00.028800,430.84433
233,2012-02-05 09:26:09.628800,434.7741
234,2012-02-05 13:04:19.228800,438.07877
235,2012-02-05 16:42:28.828800,447.73807
236,2012-02-05 20:20:38.428800,455.12918
237,2012-02-05 23:58:48.028800,452.12866
238,2012-02-06 03:36:57.628800,439.46014
239,2012-02-06 07:15:07.228800,424.9012
240,2012-02-06 10:53:16.828800,412.14276
241,2012-02-06 14:31:26.428800,417.28476
242,2012-02-06 18:09:36.028800,417.28476
243,2012-02-06 21:47:45.628800,422.51157
244,2012-02-07 01:25:55.228800,433.68942
245,2012-02-07 05:04:04.828800,422.04565
246,2012-02-07 08:42:14.428800,411.30276
247,2012-02-07 12:20:24.028800,404.851
248,2012-02-07 15:58:33.628800,416.71304
249,2012-02-07 19:36:43.228800,412.63974
250,2012-02-07 23:14:52.828800,405.97263
251,2012-02-08 02:53:02.428800,409.94977
252,2012-02-08 06:31:12.028800,414.9795
253,2012-02-08 10:09:21.628800,420.28857
254,2012-02-08 13:47:31.228800,428.49884
255,2012-02-08 17:25:40.828800,432.39554
256,2012-02-08 21:03:50.428800,421.92703
257,2012-02-09 00:42:00.028800,413.94388
258,2012-02-09 04:20:09.628800,406.97366
259,2012-02-09 07:58:19.228800,423.38696
260,2012-02-09 11:36:28.828800,411.12473
261,2012-02-09 15:14:38.428800,432.23026
262,2012-02-09 18:52:48.028800,426.11212
263,2012-02-09 22:30:57.628800,403.78897
264,2012-02-10 02:09:07.228800,390.73923
265,2012-02-10 05:47:16.828800,387.9083
266,2012-02-10 09:25:26.428800,396.99133
267,2012-02-10 13:03:36.028800,395.18747
268,2012-02-10 16:41:45.628800,385.2488
269,2012-02-10 20:19:55.228800,375.2101
270,2012-02-10 23:58:04.828800,368.58182
271,2012-02-11 03:36:14.428800,373.17273
272,2012-02-11 07:14:24.028800,369.57138
273,2012-02-11 10:52:33.628800,355.16455
274,2012-02-11 14:30:43.228800,357.43732
275,2012-02-11 18:08:52.828800,361.42593
276,2012-02-11 21:47:02.428800,372.98145
277,2012-02-12 01:25:12.028800,375.53644
278,2012-02-12 05:03:21.628800,375.90366
279,2012-02-12 08:41:31.228800,372.82687
280,2012-02-12 12:19:40.828800,369.35303
281,2012-02-12 15:57:50.428800,378.71878
282,2012-02-12 19:36:00.028800,383.52454
283,2012-02-12 23:14:09.628800,394.65878
284,2012-02-13 02:52:19.228800,393.98395
285,2012-02-13 06:30:28.828800,406.67572
286,2012-02-13 10:08:38.428800,405.0903
287,2012-02-13 13:46:48.028800,385.18893
288,2012-02-13 17:24:57.628800,390.97897
289,2012-02-13 21:03:07.228800,395.22995
290,2012-02-14 00:41:16.828800,390.28134
291,2012-02-14 04:19:26.428800,396.906
292,2012-02-14 07:57:36.028800,399.4035
293,2012-02-14 11:35:45.628800,386.4263
294,2012-02-14 15:13:55.228800,394.81583
295,2012-02-14 18:52:04.828800,399.4211
296,2012-02-14 22:30:14.428800,390.56592
297,2012-02-15 02:08:24.028800,378.03308
298,2012-02-15 05:46:33.628800,386.63458
299,2012-02-15 09:24:43.228800,389.14877
300,2012-02-15 13:02:52.828800,376.07144
301,2012-02-15 16:41:02.428800,373.28665
302,2012-02-15 20:19:12.028800,362.05338
303,2012-02-15 23:57:21.628800,363.44977
304,2012-02-16 03:35:31.228800,357.34018
305,2012-02-16 07:13:40.828800,360.9909
306,2012-02-16 10:51:50.428800,354.95502
307,2012-02-16 14:30:00.028800,352.8749
308,2012-02-16 18:08:09.628800,346.11102
309,2012-02-16 21:46:19.228800,340.19608
310,2012-02-17 01:24:28.828800,338.60977
311,2012-02-17 05:02:38.428800,344.3754
312,2012-02-17 08:40:48.028800,359.3885
313,2012-02-17 12:18:57.628800,368.45374
314,2012-02-17 15:57:07.228800,357.5402
315,2012-02-17 19:35:16.828800,356.52124
316,2012-02-17 23:13:26.428800,361.50336
317,2012-02-18 02:51:36.028800,359.56903
318,2012-02-18 06:29:45.628800,391.00296
319,2012-02-18 10:07:55.228800,382.57016
320,2012-02-18 13:46:04.828800,390.87433
321,2012-02-18 17:24:14.428800,393.2773
322,2012-02-18 21:02:24.028800,385.1092
323,2012-02-19 00:40:33.628800,382.74854
324,2012-02-19 04:18:43.228800,402.5229
325,2012-02-19 07:56:52.828800,414.503
326,2012-02-19 11:35:02.428800,405.0635
327,2012-02-19 15:13:12.028800,397.67313
328,2012-02-19 18:51:21.628800,403.16507
329,2012-02-19 22:29:31.228800,431.84393
330,2012-02-20 02:07:40.828800,443.13113
331,2012-02-20 05:45:50.428800,422.6104
332,2012-02-20 09:24:00.028800,429.55048
333,2012-02-20 13:02:09.628800,404.4092
334,2012-02-20 16:40:19.228800,405.22876
335,2012-02-20 20:18:28.828800,403.25418
336,2012-02-20 23:56:38.428800,462.59747
337,2012-02-21 03:34:48.028800,463.72937
338,2012-02-21 07:12:57.628800,466.2756
339,2012-02-21 10:51:07.228800,447.6729
340,2012-02-21 14:29:16.828800,425.10895
341,2012-02-21 18:07:26.428800,441.37665
342,2012-02-21 21:45:36.028800,430.6764
343,2012-02-22 01:23:45.628800,461.88626
344,2012-02-22 05:01:55.228800,456.59058
345,2012-02-22 08:40:04.828800,444.05826
346,2012-02-22 12:18:14.428800,449.3722
347,2012-02-22 15:56:24.028800,455.78238
348,2012-02-22 19:34:33.628800,462.87296
349,2012-02-22 23:12:43.228800,464.74533
350,2012-02-23 02:50:52.828800,470.52423
351,2012-02-23 06:29:02.428800,466.213
352,2012-02-23 10:07:12.028800,467.01666
353,2012-02-23 13:45:21.628800,487.30875
354,2012-02-23 17:23:31.228800,491.98563
355,2012-02-23 21:01:40.828800,494.06116
356,2012-02-24 00:39:50.428800,493.40884
357,2012-02-24 04:18:00.028800,496.5544
358,2012-02-24 07:56:09.628800,486.0125
359,2012-02-24 11:34:19.228800,486.0125
360,2012-02-24 15:12:28.828800,489.679
361,2012-02-24 18:50:38.428800,483.72495
362,2012-02-24 22:28:48.028800,480.8574
363,2012-02-25 02:06:57.628800,479.65372
364,2012-02-25 05:45:07.228800,472.4127
365,2012-02-25 09:23:16.828800,456.33817
366,2012-02-25 13:01:26.428800,450.45297
367,2012-02-25 16:39:36.028800,447.54755
368,2012-02-25 20:17:45.628800,443.77103
369,2012-02-25 23:55:55.228800,438.92285
370,2012-02-26 03:34:04.828800,431.51166
371,2012-02-26 07:12:14.428800,424.99026
372,2012-02-26 10:50:24.028800,425.2017
373,2012-02-26 14:28:33.628800,412.4897
374,2012-02-26 18:06:43.228800,403.19745
375,2012-02-26 21:44:52.828800,387.82294
376,2012-02-27 01:23:02.428800,402.7747
377,2012-02-27 05:01:12.028800,399.4507
378,2012-02-27 08:39:21.628800,385.77875
379,2012-02-27 12:17:31.228800,395.19733
380,2012-02-27 15:55:40.828800,387.98495
381,2012-02-27 19:33:50.428800,382.0392
382,2012-02-27 23:12:00.028800,383.93604
383,2012-02-28 02:50:09.628800,381.49164
384,2012-02-28 06:28:19.228800,383.52298
385,2012-02-28 10:06:28.828800,379.38577
386,2012-02-28 13:44:38.428800,387.03754
387,2012-02-28 17:22:48.028800,383.8647
388,2012-02-28 21:00:57.628800,386.48022
389,2012-02-29 00:39:07.228800,396.57687
390,2012-02-29 04:17:16.828800,393.42096
391,2012-02-29 07:55:26.428800,387.8387
392,2012-02-29 11:33:36.028800,381.6458
393,2012-02-29 15:11:45.628800,391.64337
394,2012-02-29 18:49:55.228800,402.09457
395,2012-02-29 22:28:04.828800,392.0907
396,2012-03-01 02:06:14.428800,416.67413
397,2012-03-01 05:44:24.028800,425.63214
398,2012-03-01 09:22:33.628800,426.45648
399,2012-03-01 13:00:43.228800,412.93088
400,2012-03-01 16:38:52.828800,409.69308
401,2012-03-01 20:17:02.428800,411.55386
402,2012-03-01 23:55:12.028800,413.23407
403,2012-03-02 03:33:21.628800,419.54758
404,2012-03-02 07:11:31.228800,440.43
405,2012-03-02 10:49:40.828800,443.09412
406,2012-03-02 14:27:50.428800,437.2916
407,2012-03-02 18:06:00.028800,429.62305
408,2012-03-02 21:44:09.628800,423.14758
409,2012-03-03 01:22:19.228800,421.40295
410,2012-03-03 05:00:28.828800,409.94562
411,2012-03-03 08:38:38.428800,418.64212
412,2012-03-03 12:16:48.028800,414.7454
413,2012-03-03 15:54:57.628800,420.939
414,2012-03-03 19:33:07.228800,417.29178
415,2012-03-03 23:11:16.828800,410.15042
416,2012-03-04 02:49:26.428800,413.06128
417,2012-03-04 06:27:36.028800,403.60123
418,2012-03-04 10:05:45.628800,387.12772
419,2012-03-04 13:43:55.228800,384.09497
420,2012-03-04 17:22:04.828800,378.63232
421,2012-03-04 21:00:14.428800,379.05518
422,2012-03-05 00:38:24.028800,389.4366
423,2012-03-05 04:16:33.628800,395.74982
424,2012-03-05 07:54:43.228800,404.40662
425,2012-03-05 11:32:52.828800,395.55652
426,2012-03-05 15:11:02.428800,388.41284
427,2012-03-05 18:49:12.028800,384.6659
428,2012-03-05 22:27:21.628800,384.76913
429,2012-03-06 02:05:31.228800,403.37222
430,2012-03-06 05:43:40.828800,392.51584
431,2012-03-06 09:21:50.428800,400.03177
432,2012-03-06 13:00:00.028800,399.795
433,2012-03-06 16:38:09.628800,392.1937
434,2012-03-06 20:16:19.228800,386.80823
435,2012-03-06 23:54:28.828800,377.61407
436,2012-03-07 03:32:38.428800,383.65396
437,2012-03-07 07:10:48.028800,386.39352
438,2012-03-07 10:48:57.628800,393.5349
439,2012-03-07 14:27:07.228800,386.61533
440,2012-03-07 18:05:16.828800,377.92883
441,2012-03-07 21:43:26.428800,398.02405
442,2012-03-08 01:21:36.028800,392.7738
443,2012-03-08 04:59:45.628800,384.4696
444,2012-03-08 08:37:55.228800,378.11707
445,2012-03-08 12:16:04.828800,384.86087
446,2012-03-08 15:54:14.428800,385.8286
447,2012-03-08 19:32:24.028800,374.19315
448,2012-03-08 23:10:33.628800,372.82193
449,2012-03-09 02:48:43.228800,367.15912
450,2012-03-09 06:26:52.828800,376.57993
451,2012-03-09 10:05:02.428800,375.28687
452,2012-03-09 13:43:12.028800,360.92404
453,2012-03-09 17:21:21.628800,370.80826
454,2012-03-09 20:59:31.228800,366.31717
455,2012-03-10 00:37:40.828800,370.28873
456,2012-03-10 04:15:50.428800,356.9891
457,2012-03-10 07:54:00.028800,369.47995
458,2012-03-10 11:32:09.628800,363.81586
459,2012-03-10 15:10:19.228800,365.8957
460,2012-03-10 18:48:28.828800,377.92154
461,2012-03-10 22:26:38.428800,382.2317
462,2012-03-11 02:04:48.028800,390.15277
463,2012-03-11 05:42:57.628800,377.95322
464,2012-03-11 09:21:07.228800,380.85272
465,2012-03-11 12:59:16.828800,390.7241
466,2012-03-11 16:37:26.428800,394.3192
467,2012-03-11 20:15:36.028800,402.87695
468,2012-03-11 23:53:45.628800,391.3268
469,2012-03-12 03:31:55.228800,412.72754
470,2012-03-12 07:10:04.828800,402.40457
471,2012-03-12 10:48:14.428800,406.36493
472,2012-03-12 14:26:24.028800,410.19223
473,2012-03-12 18:04:33.628800,414.47287
474,2012-03-12 21:42:43.228800,406.19534
475,2012-03-13 01:20:52.828800,409.91635
476,2012-03-13 04:59:02.428800,414.59097
477,2012-03-13 08:37:12.028800,400.3924
478,2012-03-13 12:15:21.628800,407.52884
479,2012-03-13 15:53:31.228800,403.15585
480,2012-03-13 19:31:40.828800,403.88412
481,2012-03-13 23:09:50.428800,403.88412
482,2012-03-14 02:48:00.028800,399.76572
483,2012-03-14 06:26:09.628800,391.56635
484,2012-03-14 10:04:19.228800,380.6984
485,2012-03-14 13:42:28.828800,380.0198
486,2012-03-14 17:20:38.428800,382.3816
487,2012-03-14 20:58:48.028800,389.39014
488,2012-03-15 00:36:57.628800,386.26236
489,2012-03-15 04:15:07.228800,387.7471
490,2012-03-15 07:53:16.828800,375.23526
491,2012-03-15 11:31:26.428800,364.43613
492,2012-03-15 15:09:36.028800,359.8375
493,2012-03-15 18:47:45.628800,362.2545
494,2012-03-15 22:25:55.228800,364.3634
495,2012-03-16 02:04:04.828800,381.39554
496,2012-03-16 05:42:14.428800,378.4749
497,2012-03-16 09:20:24.028800,374.57812
498,2012-03-16 12:58:33.628800,379.91312
499,2012-03-16 16:36:43.228800,383.5027
500,2012-03-16 20:14:52.828800,399.22205
501,2012-03-16 23:53:02.428800,390.8534
502,2012-03-17 03:31:12.028800,406.8734
503,2012-03-17 07:09:21.628800,404.28342
504,2012-03-17 10:47:31.228800,423.9812
505,2012-03-17 14:25:40.828800,435.90094
506,2012-03-17 18:03:50.428800,440.44623
507,2012-03-17 21:42:00.028800,454.9011
508,2012-03-18 01:20:09.628800,448.76077
509,2012-03-18 04:58:19.228800,473.82712
510,2012-03-18 08:36:28.828800,488.97412
511,2012-03-18 12:14:38.428800,474.35565
512,2012-03-18 15:52:48.028800,489.32834
513,2012-03-18 19:30:57.628800,483.57242
514,2012-03-18 23:09:07.228800,472.50497
515,2012-03-19 02:47:16.828800,476.44995
516,2012-03-19 06:25:26.428800,493.64297
517,2012-03-19 10:03:36.028800,490.54938
518,2012-03-19 13:41:45.628800,488.91708
519,2012-03-19 17:19:55.228800,479.7932
520,2012-03-19 20:58:04.828800,480.2727
521,2012-03-20 00:36:14.428800,471.54257
522,2012-03-20 04:14:24.028800,465.9859
523,2012-03-20 07:52:33.628800,468.85184
524,2012-03-20 11:30:43.228800,477.20358
525,2012-03-20 15:08:52.828800,472.59872
526,2012-03-20 18:47:02.428800,470.7695
527,2012-03-20 22:25:12.028800,461.14944
528,2012-03-21 02:03:21.628800,463.84305
529,2012-03-21 05:41:31.228800,471.87985
530,2012-03-21 09:19:40.828800,457.18967
531,2012-03-21 12:57:50.428800,453.91132
532,2012-03-21 16:36:00.028800,450.92422
533,2012-03-21 20:14:09.628800,442.4629
534,2012-03-21 23:52:19.228800,428.17178
535,2012-03-22 03:30:28.828800,428.42545
536,2012-03-22 07:08:38.428800,440.1185
537,2012-03-22 10:46:48.028800,433.3689
538,2012-03-22 14:24:57.628800,437.66348
539,2012-03-22 18:03:07.228800,425.248
540,2012-03-22 21:41:16.828800,415.69556
541,2012-03-23 01:19:26.428800,401.2963
542,2012-03-23 04:57:36.028800,410.47147
543,2012-03-23 08:35:45.628800,396.07492
544,2012-03-23 12:13:55.228800,408.77423
545,2012-03-23 15:52:04.828800,403.9941
546,2012-03-23 19:30:14.428800,419.72034
547,2012-03-23 23:08:24.028800,427.1175
548,2012-03-24 02:46:33.628800,432.7094
549,2012-03-24 06:24:43.228800,436.06708
550,2012-03-24 10:02:52.828800,403.38498
551,2012-03-24 13:41:02.428800,399.35004
552,2012-03-24 17:19:12.028800,406.13947
553,2012-03-24 20:57:21.628800,435.67334
554,2012-03-25 00:35:31.228800,406.4009
555,2012-03-25 04:13:40.828800,414.91272
556,2012-03-25 07:51:50.428800,412.3236
557,2012-03-25 11:30:00.028800,428.61682
558,2012-03-25 15:08:09.628800,419.64957
559,2012-03-25 18:46:19.228800,425.38766
560,2012-03-25 22:24:28.828800,424.3808
561,2012-03-26 02:02:38.428800,411.9055
562,2012-03-26 05:40:48.028800,410.554
563,2012-03-26 09:18:57.628800,411.8069
564,2012-03-26 12:57:07.228800,429.9734
565,2012-03-26 16:35:16.828800,422.23123
566,2012-03-26 20:13:26.428800,430.76297
567,2012-03-26 23:51:36.028800,406.439
568,2012-03-27 03:29:45.628800,398.26376
569,2012-03-27 07:07:55.228800,393.23267
570,2012-03-27 10:46:04.828800,397.4951
571,2012-03-27 14:24:14.428800,402.4997
572,2012-03-27 18:02:24.028800,397.79
573,2012-03-27 21:40:33.628800,408.87103
574,2012-03-28 01:18:43.228800,425.2356
575,2012-03-28 04:56:52.828800,411.25497
576,2012-03-28 08:35:02.428800,399.8488
577,2012-03-28 12:13:12.028800,402.5799
578,2012-03-28 15:51:21.628800,389.2402
579,2012-03-28 19:29:31.228800,387.4278
580,2012-03-28 23:07:40.828800,382.31247
581,2012-03-29 02:45:50.428800,382.56998
582,2012-03-29 06:24:00.028800,398.08316
583,2012-03-29 10:02:09.628800,397.52872
584,2012-03-29 13:40:19.228800,387.015
585,2012-03-29 17:18:28.828800,377.32776
586,2012-03-29 20:56:38.428800,377.90417
587,2012-03-30 00:34:48.028800,394.084
588,2012-03-30 04:12:57.628800,397.89218
589,2012-03-30 07:51:07.228800,393.71982
590,2012-03-30 11:29:16.828800,393.2089
591,2012-03-30 15:07:26.428800,396.9779
592,2012-03-30 18:45:36.028800,379.7055
593,2012-03-30 22:23:45.628800,375.8833
594,2012-03-31 02:01:55.228800,375.6518
595,2012-03-31 05:40:04.828800,378.3522
596,2012-03-31 09:18:14.428800,380.60938
597,2012-03-31 12:56:24.028800,382.37216
598,2012-03-31 16:34:33.628800,379.29187
599,2012-03-31 20:12:43.228800,381.42114
600,2012-03-31 23:50:52.828800,391.6118
601,2012-04-01 03:29:02.428800,389.45752
602,2012-04-01 07:07:12.028800,392.5947
603,2012-04-01 10:45:21.628800,392.32877
604,2012-04-01 14:23:31.228800,383.306
605,2012-04-01 18:01:40.828800,380.36615
606,2012-04-01 21:39:50.428800,378.4527
607,2012-04-02 01:18:00.028800,378.46652
608,2012-04-02 04:56:09.628800,379.213
609,2012-04-02 08:34:19.228800,378.14685
610,2012-04-02 12:12:28.828800,386.30115
611,2012-04-02 15:50:38.428800,386.60678
612,2012-04-02 19:28:48.028800,397.35114
613,2012-04-02 23:06:57.628800,382.7959
614,2012-04-03 02:45:07.228800,382.04453
615,2012-04-03 06:23:16.828800,386.58798
616,2012-04-03 10:01:26.428800,387.73816
617,2012-04-03 13:39:36.028800,395.87656
618,2012-04-03 17:17:45.628800,404.0687
619,2012-04-03 20:55:55.228800,412.2431
620,2012-04-04 00:34:04.828800,405.93393
621,2012-04-04 04:12:14.428800,415.1305
622,2012-04-04 07:50:24.028800,416.5811
623,2012-04-04 11:28:33.628800,401.71457
624,2012-04-04 15:06:43.228800,396.75497
625,2012-04-04 18:44:52.828800,432.84015
626,2012-04-04 22:23:02.428800,431.28937
627,2012-04-05 02:01:12.028800,437.47186
628,2012-04-05 05:39:21.628800,455.84976
629,2012-04-05 09:17:31.228800,449.36316
630,2012-04-05 12:55:40.828800,453.3381
631,2012-04-05 16:33:50.428800,437.48904
632,2012-04-05 20:12:00.028800,451.1318
633,2012-04-05 23:50:09.628800,447.64062
634,2012-04-06 03:28:19.228800,440.05325
635,2012-04-06 07:06:28.828800,456.02142
636,2012-04-06 10:44:38.428800,449.2796
637,2012-04-06 14:22:48.028800,441.7138
638,2012-04-06 18:00:57.628800,437.8105
639,2012-04-06 21:39:07.228800,437.03372
640,2012-04-07 01:17:16.828800,416.63635
641,2012-04-07 04:55:26.428800,407.56815
642,2012-04-07 08:33:36.028800,426.80875
643,2012-04-07 12:11:45.628800,415.69516
644,2012-04-07 15:49:55.228800,418.58
645,2012-04-07 19:28:04.828800,422.78568
646,2012-04-07 23:06:14.428800,416.13028
647,2012-04-08 02:44:24.028800,402.1693
648,2012-04-08 06:22:33.628800,404.0155
649,2012-04-08 10:00:43.228800,390.39224
650,2012-04-08 13:38:52.828800,379.47763
651,2012-04-08 17:17:02.428800,407.6304
652,2012-04-08 20:55:12.028800,405.5967
653,2012-04-09 00:33:21.628800,436.12445
654,2012-04-09 04:11:31.228800,436.16455
655,2012-04-09 07:49:40.828800,430.90988
656,2012-04-09 11:27:50.428800,425.59125
657,2012-04-09 15:06:00.028800,420.4151
658,2012-04-09 18:44:09.628800,436.24008
659,2012-04-09 22:22:19.228800,413.84738
660,2012-04-10 02:00:28.828800,446.45953
661,2012-04-10 05:38:38.428800,449.30414
662,2012-04-10 09:16:48.028800,441.60742
663,2012-04-10 12:54:57.628800,448.2989
664,2012-04-10 16:33:07.228800,439.10904
665,2012-04-10 20:11:16.828800,442.7705
666,2012-04-10 23:49:26.428800,427.0968
667,2012-04-11 03:27:36.028800,431.94202
668,2012-04-11 07:05:45.628800,446.7925
669,2012-04-11 10:43:55.228800,442.58264
670,2012-04-11 14:22:04.828800,470.8251
671,2012-04-11 18:00:14.428800,475.9584
672,2012-04-11 21:38:24.028800,494.42706
673,2012-04-12 01:16:33.628800,494.54315
674,2012-04-12 04:54:43.228800,491.33932
675,2012-04-12 08:32:52.828800,495.87057
676,2012-04-12 12:11:02.428800,515.66626
677,2012-04-12 15:49:12.028800,521.7392
678,2012-04-12 19:27:21.628800,530.48334
679,2012-04-12 23:05:31.228800,525.05524
680,2012-04-13 02:43:40.828800,526.71625
681,2012-04-13 06:21:50.428800,551.47974
682,2012-04-13 10:00:00.028800,550.86707
683,2012-04-13 13:38:09.628800,547.12646
684,2012-04-13 17:16:19.228800,540.02026
685,2012-04-13 20:54:28.828800,542.4598
686,2012-04-14 00:32:38.428800,536.7442
687,2012-04-14 04:10:48.028800,531.0132
688,2012-04-14 07:48:57.628800,541.7728
689,2012-04-14 11:27:07.228800,529.26855
690,2012-04-14 15:05:16.828800,509.56586
691,2012-04-14 18:43:26.428800,506.8745
692,2012-04-14 22:21:36.028800,500.7756
693,2012-04-15 01:59:45.628800,488.34296
694,2012-04-15 05:37:55.228800,491.39798
695,2012-04-15 09:16:04.828800,486.247
696,2012-04-15 12:54:14.428800,482.4714
697,2012-04-15 16:32:24.028800,479.95435
698,2012-04-15 20:10:33.628800,481.23706
699,2012-04-15 23:48:43.228800,479.74286
700,2012-04-16 03:26:52.828800,480.14285
701,2012-04-16 07:05:02.428800,458.75873
702,2012-04-16 10:43:12.028800,450.58313
703,2012-04-16 14:21:21.628800,445.8737
704,2012-04-16 17:59:31.228800,443.33353
705,2012-04-16 21:37:40.828800,444.30057
706,2012-04-17 01:15:50.428800,447.63068
707,2012-04-17 04:54:00.028800,433.04987
708,2012-04-17 08:32:09.628800,423.68564
709,2012-04-17 12:10:19.228800,409.74872
710,2012-04-17 15:48:28.828800,408.55432
711,2012-04-17 19:26:38.428800,401.36868
712,2012-04-17 23:04:48.028800,392.25018
713,2012-04-18 02:42:57.628800,394.29163
714,2012-04-18 06:21:07.228800,387.5504
715,2012-04-18 09:59:16.828800,372.48978
716,2012-04-18 13:37:26.428800,387.5984
717,2012-04-18 17:15:36.028800,376.4223
718,2012-04-18 20:53:45.628800,379.35443
719,2012-04-19 00:31:55.228800,390.1134
720,2012-04-19 04:10:04.828800,388.1826
721,2012-04-19 07:48:14.428800,378.01657
722,2012-04-19 11:26:24.028800,366.66006
723,2012-04-19 15:04:33.628800,377.98178
724,2012-04-19 18:42:43.228800,382.6471
725,2012-04-19 22:20:52.828800,380.24905
726,2012-04-20 01:59:02.428800,392.10895
727,2012-04-20 05:37:12.028800,402.54355
728,2012-04-20 09:15:21.628800,392.63806
729,2012-04-20 12:53:31.228800,388.83182
730,2012-04-20 16:31:40.828800,382.75546
731,2012-04-20 20:09:50.428800,390.80084
732,2012-04-20 23:48:00.028800,385.4366
733,2012-04-21 03:26:09.628800,388.0626
734,2012-04-21 07:04:19.228800,405.61545
735,2012-04-21 10:42:28.828800,401.20993
736,2012-04-21 14:20:38.428800,399.84158
737,2012-04-21 17:58:48.028800,384.40506
738,2012-04-21 21:36:57.628800,379.57138
739,2012-04-22 01:15:07.228800,381.297
740,2012-04-22 04:53:16.828800,376.18173
741,2012-04-22 08:31:26.428800,369.4554
742,2012-04-22 12:09:36.028800,366.42447
743,2012-04-22 15:47:45.628800,366.24344
744,2012-04-22 19:25:55.228800,349.27847
745,2012-04-22 23:04:04.828800,351.6341
746,2012-04-23 02:42:14.428800,357.22772
747,2012-04-23 06:20:24.028800,355.0036
748,2012-04-23 09:58:33.628800,371.6584
749,2012-04-23 13:36:43.228800,369.13498
750,2012-04-23 17:14:52.828800,374.65448
751,2012-04-23 20:53:02.428800,366.7435
752,2012-04-24 00:31:12.028800,354.9854
753,2012-04-24 04:09:21.628800,354.75034
754,2012-04-24 07:47:31.228800,359.00894
755,2012-04-24 11:25:40.828800,380.80603
756,2012-04-24 15:03:50.428800,378.60666
757,2012-04-24 18:42:00.028800,375.91132
758,2012-04-24 22:20:09.628800,369.69034
759,2012-04-25 01:58:19.228800,363.53424
760,2012-04-25 05:36:28.828800,357.47937
761,2012-04-25 09:14:38.428800,367.17142
762,2012-04-25 12:52:48.028800,380.29053
763,2012-04-25 16:30:57.628800,387.74353
764,2012-04-25 20:09:07.228800,397.07016
765,2012-04-25 23:47:16.828800,395.68307
766,2012-04-26 03:25:26.428800,392.82922
767,2012-04-26 07:03:36.028800,376.92722
768,2012-04-26 10:41:45.628800,370.8142
769,2012-04-26 14:19:55.228800,369.8564
770,2012-04-26 17:58:04.828800,374.86798
771,2012-04-26 21:36:14.428800,389.2392
772,2012-04-27 01:14:24.028800,382.1731
773,2012-04-27 04:52:33.628800,389.79898
774,2012-04-27 08:30:43.228800,384.74338
775,2012-04-27 12:08:52.828800,366.65784
776,2012-04-27 15:47:02.428800,371.01575
777,2012-04-27 19:25:12.028800,366.6969
778,2012-04-27 23:03:21.628800,364.34866
779,2012-04-28 02:41:31.228800,365.1402
780,2012-04-28 06:19:40.828800,372.13312
781,2012-04-28 09:57:50.428800,375.24234
782,2012-04-28 13:36:00.028800,361.1675
783,2012-04-28 17:14:09.628800,370.36267
784,2012-04-28 20:52:19.228800,358.91412
785,2012-04-29 00:30:28.828800,347.6626
786,2012-04-29 04:08:38.428800,351.43997
787,2012-04-29 07:46:48.028800,361.9739
788,2012-04-29 11:24:57.628800,344.77097
789,2012-04-29 15:03:07.228800,362.34494
790,2012-04-29 18:41:16.828800,364.39548
791,2012-04-29 22:19:26.428800,369.05966
792,2012-04-30 01:57:36.028800,360.56546
793,2012-04-30 05:35:45.628800,353.90005
794,2012-04-30 09:13:55.228800,353.7037
795,2012-04-30 12:52:04.828800,357.78403
796,2012-04-30 16:30:14.428800,359.3221
797,2012-04-30 20:08:24.028800,355.81836
798,2012-04-30 23:46:33.628800,363.88867
799,2012-05-01 03:24:43.228800,351.47818
800,2012-05-01 07:02:52.828800,356.83493
801,2012-05-01 10:41:02.428800,360.72513
802,2012-05-01 14:19:12.028800,348.09317
803,2012-05-01 17:57:21.628800,354.84204
804,2012-05-01 21:35:31.228800,356.70508
805,2012-05-02 01:13:40.828800,357.25668
806,2012-05-02 04:51:50.428800,369.9141
807,2012-05-02 08:30:00.028800,370.87646
808,2012-05-02 12:08:09.628800,360.3555
809,2012-05-02 15:46:19.228800,359.3585
810,2012-05-02 19:24:28.828800,351.12418
811,2012-05-02 23:02:38.428800,353.84473
812,2012-05-03 02:40:48.028800,345.01968
813,2012-05-03 06:18:57.628800,356.38437
814,2012-05-03 09:57:07.228800,362.2381
815,2012-05-03 13:35:16.828800,363.80334
816,2012-05-03 17:13:26.428800,351.72626
817,2012-05-03 20:51:36.028800,349.4725
818,2012-05-04 00:29:45.628800,353.97488
819,2012-05-04 04:07:55.228800,349.8094
820,2012-05-04 07:46:04.828800,364.8592
821,2012-05-04 11:24:14.428800,348.0457
822,2012-05-04 15:02:24.028800,350.3136
823,2012-05-04 18:40:33.628800,355.8237
824,2012-05-04 22:18:43.228800,352.76642
825,2012-05-05 01:56:52.828800,356.14447
826,2012-05-05 05:35:02.428800,352.58932
827,2012-05-05 09:13:12.028800,352.1145
828,2012-05-05 12:51:21.628800,344.83118
829,2012-05-05 16:29:31.228800,344.8151
830,2012-05-05 20:07:40.828800,346.96796
831,2012-05-05 23:45:50.428800,335.77005
832,2012-05-06 03:24:00.028800,339.6347
833,2012-05-06 07:02:09.628800,351.38754
834,2012-05-06 10:40:19.228800,355.91345
835,2012-05-06 14:18:28.828800,337.16312
836,2012-05-06 17:56:38.428800,340.20984
837,2012-05-06 21:34:48.028800,340.58377
838,2012-05-07 01:12:57.628800,346.0671
839,2012-05-07 04:51:07.228800,350.53488
840,2012-05-07 08:29:16.828800,376.85507
841,2012-05-07 12:07:26.428800,377.98907
842,2012-05-07 15:45:36.028800,382.96747
843,2012-05-07 19:23:45.628800,400.86334
844,2012-05-07 23:01:55.228800,393.61157
845,2012-05-08 02:40:04.828800,418.89502
846,2012-05-08 06:18:14.428800,420.4459
847,2012-05-08 09:56:24.028800,474.2103
848,2012-05-08 13:34:33.628800,481.0113
849,2012-05-08 17:12:43.228800,481.33444
850,2012-05-08 20:50:52.828800,521.3251
851,2012-05-09 00:29:02.428800,517.5285
852,2012-05-09 04:07:12.028800,525.35205
853,2012-05-09 07:45:21.628800,537.68304
854,2012-05-09 11:23:31.228800,530.16797
855,2012-05-09 15:01:40.828800,553.2226
856,2012-05-09 18:39:50.428800,525.61523
857,2012-05-09 22:18:00.028800,547.6307
858,2012-05-10 01:56:09.628800,551.166
859,2012-05-10 05:34:19.228800,597.42303
860,2012-05-10 09:12:28.828800,588.4078
861,2012-05-10 12:50:38.428800,559.80756
862,2012-05-10 16:28:48.028800,555.1221
863,2012-05-10 20:06:57.628800,550.77234
864,2012-05-10 23:45:07.228800,574.3343
865,2012-05-11 03:23:16.828800,548.06616
866,2012-05-11 07:01:26.428800,567.5715
867,2012-05-11 10:39:36.028800,522.00116
868,2012-05-11 14:17:45.628800,523.32635
869,2012-05-11 17:55:55.228800,514.0993
870,2012-05-11 21:34:04.828800,508.41605
871,2012-05-12 01:12:14.428800,508.41605
872,2012-05-12 04:50:24.028800,499.57056
873,2012-05-12 08:28:33.628800,501.22647
874,2012-05-12 12:06:43.228800,486.4452
875,2012-05-12 15:44:52.828800,475.49896
876,2012-05-12 19:23:02.428800,470.72876
877,2012-05-12 23:01:12.028800,462.88315
878,2012-05-13 02:39:21.628800,451.55383
879,2012-05-13 06:17:31.228800,440.4262
880,2012-05-13 09:55:40.828800,441.29144
881,2012-05-13 13:33:50.428800,423.8515
882,2012-05-13 17:12:00.028800,426.04623
883,2012-05-13 20:50:09.628800,425.42154
884,2012-05-14 00:28:19.228800,425.15836
885,2012-05-14 04:06:28.828800,411.56845
886,2012-05-14 07:44:38.428800,409.12006
887,2012-05-14 11:22:48.028800,413.2894
888,2012-05-14 15:00:57.628800,409.3125
889,2012-05-14 18:39:07.228800,406.71112
890,2012-05-14 22:17:16.828800,406.50897
891,2012-05-15 01:55:26.428800,407.68134
892,2012-05-15 05:33:36.028800,393.81662
893,2012-05-15 09:11:45.628800,396.47263
894,2012-05-15 12:49:55.228800,394.71094
895,2012-05-15 16:28:04.828800,395.82648
896,2012-05-15 20:06:14.428800,398.66013
897,2012-05-15 23:44:24.028800,398.64807
898,2012-05-16 03:22:33.628800,396.04242
899,2012-05-16 07:00:43.228800,385.9459
900,2012-05-16 10:38:52.828800,375.43994
901,2012-05-16 14:17:02.428800,371.1406
902,2012-05-16 17:55:12.028800,374.5681
903,2012-05-16 21:33:21.628800,372.95624
904,2012-05-17 01:11:31.228800,372.6637
905,2012-05-17 04:49:40.828800,371.79752
906,2012-05-17 08:27:50.428800,373.28226
907,2012-05-17 12:06:00.028800,372.29297
908,2012-05-17 15:44:09.628800,370.73642
909,2012-05-17 19:22:19.228800,372.3483
910,2012-05-17 23:00:28.828800,378.483
911,2012-05-18 02:38:38.428800,375.25958
912,2012-05-18 06:16:48.028800,372.9868
913,2012-05-18 09:54:57.628800,377.3952
914,2012-05-18 13:33:07.228800,377.74533
915,2012-05-18 17:11:16.828800,375.26187
916,2012-05-18 20:49:26.428800,371.83026
917,2012-05-19 00:27:36.028800,371.08777
918,2012-05-19 04:05:45.628800,361.73642
919,2012-05-19 07:43:55.228800,386.00122
920,2012-05-19 11:22:04.828800,388.09225
921,2012-05-19 15:00:14.428800,400.19702
922,2012-05-19 18:38:24.028800,397.1177
923,2012-05-19 22:16:33.628800,390.7802
924,2012-05-20 01:54:43.228800,390.7802
925,2012-05-20 05:32:52.828800,392.49542
926,2012-05-20 09:11:02.428800,400.93848
927,2012-05-20 12:49:12.028800,406.96585
928,2012-05-20 16:27:21.628800,422.10495
929,2012-05-20 20:05:31.228800,401.68054
930,2012-05-20 23:43:40.828800,412.082
931,2012-05-21 03:21:50.428800,405.4733
932,2012-05-21 07:00:00.028800,411.97107
933,2012-05-21 10:38:09.628800,424.02505
934,2012-05-21 14:16:19.228800,435.78687
935,2012-05-21 17:54:28.828800,444.2908
936,2012-05-21 21:32:38.428800,457.81113
937,2012-05-22 01:10:48.028800,485.41867
938,2012-05-22 04:48:57.628800,445.6283
939,2012-05-22 08:27:07.228800,451.3404
940,2012-05-22 12:05:16.828800,449.194
941,2012-05-22 15:43:26.428800,475.30438
942,2012-05-22 19:21:36.028800,461.92084
943,2012-05-22 22:59:45.628800,470.54086
944,2012-05-23 02:37:55.228800,492.58035
945,2012-05-23 06:16:04.828800,451.0746
946,2012-05-23 09:54:14.428800,495.3902
947,2012-05-23 13:32:24.028800,496.97595
948,2012-05-23 17:10:33.628800,513.17365
949,2012-05-23 20:48:43.228800,488.0048
950,2012-05-24 00:26:52.828800,496.28583
951,2012-05-24 04:05:02.428800,461.09616
952,2012-05-24 07:43:12.028800,456.93436
953,2012-05-24 11:21:21.628800,457.4543
954,2012-05-24 14:59:31.228800,428.23694
955,2012-05-24 18:37:40.828800,423.19983
956,2012-05-24 22:15:50.428800,452.37827
957,2012-05-25 01:54:00.028800,451.56683
958,2012-05-25 05:32:09.628800,428.21194
959,2012-05-25 09:10:19.228800,416.38412
960,2012-05-25 12:48:28.828800,398.4708
961,2012-05-25 16:26:38.428800,393.25836
962,2012-05-25 20:04:48.028800,394.93765
963,2012-05-25 23:42:57.628800,409.22113
964,2012-05-26 03:21:07.228800,427.243
965,2012-05-26 06:59:16.828800,390.51508
966,2012-05-26 10:37:26.428800,381.4261
967,2012-05-26 14:15:36.028800,366.0198
968,2012-05-26 17:53:45.628800,353.33606
969,2012-05-26 21:31:55.228800,388.3142
970,2012-05-27 01:10:04.828800,376.51785
971,2012-05-27 04:48:14.428800,375.90378
972,2012-05-27 08:26:24.028800,373.00778
973,2012-05-27 12:04:33.628800,370.93365
974,2012-05-27 15:42:43.228800,373.6276
975,2012-05-27 19:20:52.828800,373.748
976,2012-05-27 22:59:02.428800,369.12927
977,2012-05-28 02:37:12.028800,368.32962
978,2012-05-28 06:15:21.628800,358.5535
979,2012-05-28 09:53:31.228800,359.51746
980,2012-05-28 13:31:40.828800,364.5382
981,2012-05-28 17:09:50.428800,373.38254
982,2012-05-28 20:48:00.028800,386.85715
983,2012-05-29 00:26:09.628800,391.7032
984,2012-05-29 04:04:19.228800,392.378
985,2012-05-29 07:42:28.828800,402.45175
986,2012-05-29 11:20:38.428800,390.1231
987,2012-05-29 14:58:48.028800,395.6618
988,2012-05-29 18:36:57.628800,385.7467
989,2012-05-29 22:15:07.228800,388.23965
990,2012-05-30 01:53:16.828800,396.6595
991,2012-05-30 05:31:26.428800,402.46735
992,2012-05-30 09:09:36.028800,403.83475
993,2012-05-30 12:47:45.628800,393.15695
994,2012-05-30 16:25:55.228800,392.12335
995,2012-05-30 20:04:04.828800,404.15714
996,2012-05-30 23:42:14.428800,404.75967
997,2012-05-31 03:20:24.028800,405.54214
998,2012-05-31 06:58:33.628800,373.8086
999,2012-05-31 10:36:43.228800,377.8417
1000,2012-05-31 14:14:52.828800,379.4233
1001,2012-05-31 17:53:02.428800,396.888
1002,2012-05-31 21:31:12.028800,396.1898
1003,2012-06-01 01:09:21.628800,397.0694
1004,2012-06-01 04:47:31.228800,372.55862
1005,2012-06-01 08:25:40.828800,373.35864
1006,2012-06-01 12:03:50.428800,365.50702
1007,2012-06-01 15:42:00.028800,366.00885
1008,2012-06-01 19:20:09.628800,380.849
1009,2012-06-01 22:58:19.228800,379.2206
1010,2012-06-02 02:36:28.828800,375.40173
1011,2012-06-02 06:14:38.428800,358.0437
1012,2012-06-02 09:52:48.028800,358.04898
1013,2012-06-02 13:30:57.628800,350.53586
1014,2012-06-02 17:09:07.228800,358.04257
1015,2012-06-02 20:47:16.828800,354.5767
1016,2012-06-03 00:25:26.428800,361.54443
1017,2012-06-03 04:03:36.028800,353.69727
1018,2012-06-03 07:41:45.628800,345.141
1019,2012-06-03 11:19:55.228800,347.72003
1020,2012-06-03 14:58:04.828800,350.2257
1021,2012-06-03 18:36:14.428800,411.6137
1022,2012-06-03 22:14:24.028800,450.13876
1023,2012-06-04 01:52:33.628800,484.1026
1024,2012-06-04 05:30:43.228800,403.7075
1025,2012-06-04 09:08:52.828800,437.82153
1026,2012-06-04 12:47:02.428800,408.05847
1027,2012-06-04 16:25:12.028800,480.2025
1028,2012-06-04 20:03:21.628800,503.82855
1029,2012-06-04 23:41:31.228800,518.47107
1030,2012-06-05 03:19:40.828800,598.3241
1031,2012-06-05 06:57:50.428800,555.7894
1032,2012-06-05 10:36:00.028800,569.2101
1033,2012-06-05 14:14:09.628800,599.24243
1034,2012-06-05 17:52:19.228800,568.3679
1035,2012-06-05 21:30:28.828800,607.43304
1036,2012-06-06 01:08:38.428800,666.6026
1037,2012-06-06 04:46:48.028800,663.8959
1038,2012-06-06 08:24:57.628800,617.38007
1039,2012-06-06 12:03:07.228800,659.29553
1040,2012-06-06 15:41:16.828800,630.0659
1041,2012-06-06 19:19:26.428800,619.16547
1042,2012-06-06 22:57:36.028800,639.07086
1043,2012-06-07 02:35:45.628800,599.9943
1044,2012-06-07 06:13:55.228800,594.87854
1045,2012-06-07 09:52:04.828800,578.1412
1046,2012-06-07 13:30:14.428800,592.2172
1047,2012-06-07 17:08:24.028800,571.76764
1048,2012-06-07 20:46:33.628800,568.9484
1049,2012-06-08 00:24:43.228800,554.9321
1050,2012-06-08 04:02:52.828800,534.997
1051,2012-06-08 07:41:02.428800,540.6593
1052,2012-06-08 11:19:12.028800,490.3436
1053,2012-06-08 14:57:21.628800,486.4644
1054,2012-06-08 18:35:31.228800,481.123
1055,2012-06-08 22:13:40.828800,486.87558
1056,2012-06-09 01:51:50.428800,486.40903
1057,2012-06-09 05:30:00.028800,494.20654
1058,2012-06-09 09:08:09.628800,486.83502
1059,2012-06-09 12:46:19.228800,437.6953
1060,2012-06-09 16:24:28.828800,436.53494
1061,2012-06-09 20:02:38.428800,433.22708
1062,2012-06-09 23:40:48.028800,445.80933
1063,2012-06-10 03:18:57.628800,442.49554
1064,2012-06-10 06:57:07.228800,455.14203
1065,2012-06-10 10:35:16.828800,438.33057
1066,2012-06-10 14:13:26.428800,418.56427
1067,2012-06-10 17:51:36.028800,411.20502
1068,2012-06-10 21:29:45.628800,404.0798
1069,2012-06-11 01:07:55.228800,412.08917
1070,2012-06-11 04:46:04.828800,419.84454
1071,2012-06-11 08:24:14.428800,485.59344
1072,2012-06-11 12:02:24.028800,412.97714
1073,2012-06-11 15:40:33.628800,407.06073
1074,2012-06-11 19:18:43.228800,394.8539
1075,2012-06-11 22:56:52.828800,398.43332
1076,2012-06-12 02:35:02.428800,382.21298
1077,2012-06-12 06:13:12.028800,390.4575
1078,2012-06-12 09:51:21.628800,400.88715
1079,2012-06-12 13:29:31.228800,408.25943
1080,2012-06-12 17:07:40.828800,403.04166
1081,2012-06-12 20:45:50.428800,396.9422
1082,2012-06-13 00:24:00.028800,386.57922
1083,2012-06-13 04:02:09.628800,397.09814
1084,2012-06-13 07:40:19.228800,419.56638
1085,2012-06-13 11:18:28.828800,414.70166
1086,2012-06-13 14:56:38.428800,420.22577
1087,2012-06-13 18:34:48.028800,416.04953
1088,2012-06-13 22:12:57.628800,412.6346
1089,2012-06-14 01:51:07.228800,422.48642
1090,2012-06-14 05:29:16.828800,415.70428
1091,2012-06-14 09:07:26.428800,431.4282
1092,2012-06-14 12:45:36.028800,418.34744
1093,2012-06-14 16:23:45.628800,433.31204
1094,2012-06-14 20:01:55.228800,419.84348
1095,2012-06-14 23:40:04.828800,422.34705
1096,2012-06-15 03:18:14.428800,419.52396
1097,2012-06-15 06:56:24.028800,396.93213
1098,2012-06-15 10:34:33.628800,403.29773
1099,2012-06-15 14:12:43.228800,407.63437
1100,2012-06-15 17:50:52.828800,405.4491
1101,2012-06-15 21:29:02.428800,391.75253
1102,2012-06-16 01:07:12.028800,398.51334
1103,2012-06-16 04:45:21.628800,387.45154
1104,2012-06-16 08:23:31.228800,379.12527
1105,2012-06-16 12:01:40.828800,390.3739
1106,2012-06-16 15:39:50.428800,389.69342
1107,2012-06-16 19:18:00.028800,377.41183
1108,2012-06-16 22:56:09.628800,370.56964
1109,2012-06-17 02:34:19.228800,385.7101
1110,2012-06-17 06:12:28.828800,378.4202
1111,2012-06-17 09:50:38.428800,369.846
1112,2012-06-17 13:28:48.028800,383.51648
1113,2012-06-17 17:06:57.628800,390.44672
1114,2012-06-17 20:45:07.228800,383.29523
1115,2012-06-18 00:23:16.828800,374.3376
1116,2012-06-18 04:01:26.428800,379.12643
1117,2012-06-18 07:39:36.028800,386.63544
1118,2012-06-18 11:17:45.628800,395.98532
1119,2012-06-18 14:55:55.228800,399.01483
1120,2012-06-18 18:34:04.828800,409.80554
1121,2012-06-18 22:12:14.428800,415.5578
1122,2012-06-19 01:50:24.028800,416.91013
1123,2012-06-19 05:28:33.628800,393.8454
1124,2012-06-19 09:06:43.228800,412.5256
1125,2012-06-19 12:44:52.828800,445.09433
1126,2012-06-19 16:23:02.428800,446.49057
1127,2012-06-19 20:01:12.028800,458.92923
1128,2012-06-19 23:39:21.628800,457.01663
1129,2012-06-20 03:17:31.228800,462.0128
1130,2012-06-20 06:55:40.828800,457.55542
1131,2012-06-20 10:33:50.428800,453.20203
1132,2012-06-20 14:12:00.028800,470.4069
1133,2012-06-20 17:50:09.628800,458.99042
1134,2012-06-20 21:28:19.228800,460.8775
1135,2012-06-21 01:06:28.828800,459.6953
1136,2012-06-21 04:44:38.428800,456.15967
1137,2012-06-21 08:22:48.028800,447.80063
1138,2012-06-21 12:00:57.628800,472.57965
1139,2012-06-21 15:39:07.228800,467.05145
1140,2012-06-21 19:17:16.828800,441.3718
1141,2012-06-21 22:55:26.428800,443.32074
1142,2012-06-22 02:33:36.028800,432.0459
1143,2012-06-22 06:11:45.628800,439.9967
1144,2012-06-22 09:49:55.228800,446.02148
1145,2012-06-22 13:28:04.828800,443.7891
1146,2012-06-22 17:06:14.428800,421.543
1147,2012-06-22 20:44:24.028800,413.37204
1148,2012-06-23 00:22:33.628800,410.2171
1149,2012-06-23 04:00:43.228800,406.0986
1150,2012-06-23 07:38:52.828800,416.1917
1151,2012-06-23 11:17:02.428800,410.01007
1152,2012-06-23 14:55:12.028800,400.86438
1153,2012-06-23 18:33:21.628800,399.6572
1154,2012-06-23 22:11:31.228800,392.75977
1155,2012-06-24 01:49:40.828800,388.3328
1156,2012-06-24 05:27:50.428800,395.14438
1157,2012-06-24 09:06:00.028800,395.14438
1158,2012-06-24 12:44:09.628800,396.3461
1159,2012-06-24 16:22:19.228800,407.2399
1160,2012-06-24 20:00:28.828800,413.20682
1161,2012-06-24 23:38:38.428800,403.93018
1162,2012-06-25 03:16:48.028800,409.2472
1163,2012-06-25 06:54:57.628800,422.70636
1164,2012-06-25 10:33:07.228800,423.00534
1165,2012-06-25 14:11:16.828800,436.8144
1166,2012-06-25 17:49:26.428800,445.58203
1167,2012-06-25 21:27:36.028800,445.2959
1168,2012-06-26 01:05:45.628800,434.48343
1169,2012-06-26 04:43:55.228800,436.96017
1170,2012-06-26 08:22:04.828800,449.79883
1171,2012-06-26 12:00:14.428800,449.79883
1172,2012-06-26 15:38:24.028800,453.34033
1173,2012-06-26 19:16:33.628800,453.07977
1174,2012-06-26 22:54:43.228800,452.1249
1175,2012-06-27 02:32:52.828800,439.84866
1176,2012-06-27 06:11:02.428800,436.54697
1177,2012-06-27 09:49:12.028800,423.40695
1178,2012-06-27 13:27:21.628800,412.4332
1179,2012-06-27 17:05:31.228800,423.4514
1180,2012-06-27 20:43:40.828800,419.78436
1181,2012-06-28 00:21:50.428800,428.62027
1182,2012-06-28 04:00:00.028800,434.41922
1183,2012-06-28 07:38:09.628800,425.46805
1184,2012-06-28 11:16:19.228800,400.69113
1185,2012-06-28 14:54:28.828800,385.45844
1186,2012-06-28 18:32:38.428800,386.38205
1187,2012-06-28 22:10:48.028800,382.97083
1188,2012-06-29 01:48:57.628800,399.3444
1189,2012-06-29 05:27:07.228800,402.67007
1190,2012-06-29 09:05:16.828800,412.0497
1191,2012-06-29 12:43:26.428800,391.78094
1192,2012-06-29 16:21:36.028800,380.22412
1193,2012-06-29 19:59:45.628800,389.95175
1194,2012-06-29 23:37:55.228800,365.03854
1195,2012-06-30 03:16:04.828800,371.8259
1196,2012-06-30 06:54:14.428800,366.7361
1197,2012-06-30 10:32:24.028800,381.1274
1198,2012-06-30 14:10:33.628800,401.23865
1199,2012-06-30 17:48:43.228800,434.4404
1200,2012-06-30 21:26:52.828800,457.42352
1201,2012-07-01 01:05:02.428800,450.5521
1202,2012-07-01 04:43:12.028800,461.0692
1203,2012-07-01 08:21:21.628800,456.7251
1204,2012-07-01 11:59:31.228800,485.1349
1205,2012-07-01 15:37:40.828800,499.48532
1206,2012-07-01 19:15:50.428800,580.0405
1207,2012-07-01 22:54:00.028800,619.03644
1208,2012-07-02 02:32:09.628800,637.1958
1209,2012-07-02 06:10:19.228800,648.04456
1210,2012-07-02 09:48:28.828800,676.72565
1211,2012-07-02 13:26:38.428800,676.89777
1212,2012-07-02 17:04:48.028800,678.14856
1213,2012-07-02 20:42:57.628800,688.7149
1214,2012-07-03 00:21:07.228800,683.0443
1215,2012-07-03 03:59:16.828800,666.21216
1216,2012-07-03 07:37:26.428800,680.2179
1217,2012-07-03 11:15:36.028800,670.90326
1218,2012-07-03 14:53:45.628800,671.06323
1219,2012-07-03 18:31:55.228800,657.4507
1220,2012-07-03 22:10:04.828800,648.9053
1221,2012-07-04 01:48:14.428800,657.05896
1222,2012-07-04 05:26:24.028800,657.6365
1223,2012-07-04 09:04:33.628800,634.6184
1224,2012-07-04 12:42:43.228800,701.33887
1225,2012-07-04 16:20:52.828800,694.0007
1226,2012-07-04 19:59:02.428800,617.88745
1227,2012-07-04 23:37:12.028800,569.5774
1228,2012-07-05 03:15:21.628800,577.0235
1229,2012-07-05 06:53:31.228800,583.60156
1230,2012-07-05 10:31:40.828800,560.9436
1231,2012-07-05 14:09:50.428800,542.39294
1232,2012-07-05 17:48:00.028800,534.19434
1233,2012-07-05 21:26:09.628800,512.06445
1234,2012-07-06 01:04:19.228800,508.5821
1235,2012-07-06 04:42:28.828800,498.0935
1236,2012-07-06 08:20:38.428800,499.37997
1237,2012-07-06 11:58:48.028800,505.0273
1238,2012-07-06 15:36:57.628800,512.47864
1239,2012-07-06 19:15:07.228800,478.18417
1240,2012-07-06 22:53:16.828800,472.86725
1241,2012-07-07 02:31:26.428800,463.42752
1242,2012-07-07 06:09:36.028800,457.427
1243,2012-07-07 09:47:45.628800,446.04773
1244,2012-07-07 13:25:55.228800,449.56317
1245,2012-07-07 17:04:04.828800,441.9199
1246,2012-07-07 20:42:14.428800,438.40744
1247,2012-07-08 00:20:24.028800,435.39142
1248,2012-07-08 03:58:33.628800,427.8508
1249,2012-07-08 07:36:43.228800,414.44086
1250,2012-07-08 11:14:52.828800,404.16876
1251,2012-07-08 14:53:02.428800,399.43588
1252,2012-07-08 18:31:12.028800,378.7776
1253,2012-07-08 22:09:21.628800,395.30228
1254,2012-07-09 01:47:31.228800,403.6542
1255,2012-07-09 05:25:40.828800,397.6054
1256,2012-07-09 09:03:50.428800,391.47888
1257,2012-07-09 12:42:00.028800,393.09656
1258,2012-07-09 16:20:09.628800,387.16895
1259,2012-07-09 19:58:19.228800,381.08234
1260,2012-07-09 23:36:28.828800,379.43204
1261,2012-07-10 03:14:38.428800,380.7859
1262,2012-07-10 06:52:48.028800,393.85336
1263,2012-07-10 10:30:57.628800,398.6623
1264,2012-07-10 14:09:07.228800,391.19394
1265,2012-07-10 17:47:16.828800,402.16046
1266,2012-07-10 21:25:26.428800,400.2896
1267,2012-07-11 01:03:36.028800,403.75488
1268,2012-07-11 04:41:45.628800,400.21878
1269,2012-07-11 08:19:55.228800,380.92673
1270,2012-07-11 11:58:04.828800,390.07892
1271,2012-07-11 15:36:14.428800,387.84924
1272,2012-07-11 19:14:24.028800,390.05722
1273,2012-07-11 22:52:33.628800,389.12247
1274,2012-07-12 02:30:43.228800,388.37744
1275,2012-07-12 06:08:52.828800,377.34775
1276,2012-07-12 09:47:02.428800,363.355
1277,2012-07-12 13:25:12.028800,361.54886
1278,2012-07-12 17:03:21.628800,379.6439
1279,2012-07-12 20:41:31.228800,374.44855
1280,2012-07-13 00:19:40.828800,370.2638
1281,2012-07-13 03:57:50.428800,379.19046
1282,2012-07-13 07:36:00.028800,372.56628
1283,2012-07-13 11:14:09.628800,370.02866
1284,2012-07-13 14:52:19.228800,376.6302
1285,2012-07-13 18:30:28.828800,382.37756
1286,2012-07-13 22:08:38.428800,368.6658
1287,2012-07-14 01:46:48.028800,390.33423
1288,2012-07-14 05:24:57.628800,413.39413
1289,2012-07-14 09:03:07.228800,388.46982
1290,2012-07-14 12:41:16.828800,396.31934
1291,2012-07-14 16:19:26.428800,398.0965
1292,2012-07-14 19:57:36.028800,402.18106
1293,2012-07-14 23:35:45.628800,426.98785
1294,2012-07-15 03:13:55.228800,455.42087
1295,2012-07-15 06:52:04.828800,419.5311
1296,2012-07-15 10:30:14.428800,415.92004
1297,2012-07-15 14:08:24.028800,408.52542
1298,2012-07-15 17:46:33.628800,401.86414
1299,2012-07-15 21:24:43.228800,395.45364
1300,2012-07-16 01:02:52.828800,400.94946
1301,2012-07-16 04:41:02.428800,432.9767
1302,2012-07-16 08:19:12.028800,473.15906
1303,2012-07-16 11:57:21.628800,450.0137
1304,2012-07-16 15:35:31.228800,420.10938
1305,2012-07-16 19:13:40.828800,420.86166
1306,2012-07-16 22:51:50.428800,415.146
1307,2012-07-17 02:30:00.028800,430.16077
1308,2012-07-17 06:08:09.628800,470.87836
1309,2012-07-17 09:46:19.228800,436.66803
1310,2012-07-17 13:24:28.828800,444.14105
1311,2012-07-17 17:02:38.428800,496.22946
1312,2012-07-17 20:40:48.028800,490.9321
1313,2012-07-18 00:18:57.628800,488.11288
1314,2012-07-18 03:57:07.228800,523.8963
1315,2012-07-18 07:35:16.828800,521.7495
1316,2012-07-18 11:13:26.428800,519.7175
1317,2012-07-18 14:51:36.028800,514.91925
1318,2012-07-18 18:29:45.628800,533.9059
1319,2012-07-18 22:07:55.228800,541.3338
1320,2012-07-19 01:46:04.828800,531.4772
1321,2012-07-19 05:24:14.428800,483.37436
1322,2012-07-19 09:02:24.028800,478.9589
1323,2012-07-19 12:40:33.628800,488.43542
1324,2012-07-19 16:18:43.228800,518.3141
1325,2012-07-19 19:56:52.828800,459.74683
1326,2012-07-19 23:35:02.428800,461.82858
1327,2012-07-20 03:13:12.028800,475.3701
1328,2012-07-20 06:51:21.628800,503.10425
1329,2012-07-20 10:29:31.228800,483.9124
1330,2012-07-20 14:07:40.828800,478.64453
1331,2012-07-20 17:45:50.428800,477.01245
1332,2012-07-20 21:24:00.028800,437.1054
1333,2012-07-21 01:02:09.628800,475.78732
1334,2012-07-21 04:40:19.228800,441.4991
1335,2012-07-21 08:18:28.828800,437.02643
1336,2012-07-21 11:56:38.428800,445.03134
1337,2012-07-21 15:34:48.028800,438.96335
1338,2012-07-21 19:12:57.628800,430.1104
1339,2012-07-21 22:51:07.228800,435.19446
1340,2012-07-22 02:29:16.828800,443.13467
1341,2012-07-22 06:07:26.428800,419.246
1342,2012-07-22 09:45:36.028800,413.65475
1343,2012-07-22 13:23:45.628800,406.84348
1344,2012-07-22 17:01:55.228800,402.6374
1345,2012-07-22 20:40:04.828800,413.24374
1346,2012-07-23 00:18:14.428800,429.1703
1347,2012-07-23 03:56:24.028800,429.26947
1348,2012-07-23 07:34:33.628800,418.34348
1349,2012-07-23 11:12:43.228800,416.78604
1350,2012-07-23 14:50:52.828800,411.03094
1351,2012-07-23 18:29:02.428800,401.55063
1352,2012-07-23 22:07:12.028800,411.39722
1353,2012-07-24 01:45:21.628800,405.4884
1354,2012-07-24 05:23:31.228800,415.65555
1355,2012-07-24 09:01:40.828800,417.2249
1356,2012-07-24 12:39:50.428800,435.20062
1357,2012-07-24 16:18:00.028800,427.8272
1358,2012-07-24 19:56:09.628800,431.0376
1359,2012-07-24 23:34:19.228800,438.26404
1360,2012-07-25 03:12:28.828800,440.37463
1361,2012-07-25 06:50:38.428800,449.97116
1362,2012-07-25 10:28:48.028800,487.45697
1363,2012-07-25 14:06:57.628800,486.16034
1364,2012-07-25 17:45:07.228800,465.9094
1365,2012-07-25 21:23:16.828800,446.48822
1366,2012-07-26 01:01:26.428800,439.6355
1367,2012-07-26 04:39:36.028800,459.10284
1368,2012-07-26 08:17:45.628800,445.1445
1369,2012-07-26 11:55:55.228800,458.02304
1370,2012-07-26 15:34:04.828800,471.21912
1371,2012-07-26 19:12:14.428800,485.39334
1372,2012-07-26 22:50:24.028800,482.07434
1373,2012-07-27 02:28:33.628800,452.7541
1374,2012-07-27 06:06:43.228800,450.35895
1375,2012-07-27 09:44:52.828800,433.23758
1376,2012-07-27 13:23:02.428800,446.89966
1377,2012-07-27 17:01:12.028800,518.2864
1378,2012-07-27 20:39:21.628800,530.3202
1379,2012-07-28 00:17:31.228800,554.8685
1380,2012-07-28 03:55:40.828800,585.1515
1381,2012-07-28 07:33:50.428800,584.72656
1382,2012-07-28 11:12:00.028800,564.27057
1383,2012-07-28 14:50:09.628800,574.46027
1384,2012-07-28 18:28:19.228800,613.7377
1385,2012-07-28 22:06:28.828800,631.0095
1386,2012-07-29 01:44:38.428800,606.43524
1387,2012-07-29 05:22:48.028800,619.8104
1388,2012-07-29 09:00:57.628800,593.90076
1389,2012-07-29 12:39:07.228800,547.797
1390,2012-07-29 16:17:16.828800,589.445
1391,2012-07-29 19:55:26.428800,595.1031
1392,2012-07-29 23:33:36.028800,546.4349
1393,2012-07-30 03:11:45.628800,544.76544
1394,2012-07-30 06:49:55.228800,591.6741
1395,2012-07-30 10:28:04.828800,526.43335
1396,2012-07-30 14:06:14.428800,510.15918
1397,2012-07-30 17:44:24.028800,504.52933
1398,2012-07-30 21:22:33.628800,498.95715
1399,2012-07-31 01:00:43.228800,484.91663
1400,2012-07-31 04:38:52.828800,484.8682
1401,2012-07-31 08:17:02.428800,491.2403
1402,2012-07-31 11:55:12.028800,474.02805
1403,2012-07-31 15:33:21.628800,465.08868
1404,2012-07-31 19:11:31.228800,478.0309
1405,2012-07-31 22:49:40.828800,466.46655
1406,2012-08-01 02:27:50.428800,465.55527
1407,2012-08-01 06:06:00.028800,457.224
1408,2012-08-01 09:44:09.628800,446.83673
1409,2012-08-01 13:22:19.228800,446.2787
1410,2012-08-01 17:00:28.828800,440.91193
1411,2012-08-01 20:38:38.428800,440.1217
1412,2012-08-02 00:16:48.028800,442.04852
1413,2012-08-02 03:54:57.628800,442.08386
1414,2012-08-02 07:33:07.228800,433.87714
1415,2012-08-02 11:11:16.828800,427.2079
1416,2012-08-02 14:49:26.428800,433.09518
1417,2012-08-02 18:27:36.028800,423.5154
1418,2012-08-02 22:05:45.628800,418.43335
1419,2012-08-03 01:43:55.228800,416.4675
1420,2012-08-03 05:22:04.828800,420.82544
1421,2012-08-03 09:00:14.428800,422.40042
1422,2012-08-03 12:38:24.028800,423.85843
1423,2012-08-03 16:16:33.628800,426.43356
1424,2012-08-03 19:54:43.228800,419.5956
1425,2012-08-03 23:32:52.828800,421.2075
1426,2012-08-04 03:11:02.428800,428.04486
1427,2012-08-04 06:49:12.028800,416.058
1428,2012-08-04 10:27:21.628800,410.8475
1429,2012-08-04 14:05:31.228800,418.05054
1430,2012-08-04 17:43:40.828800,416.8201
1431,2012-08-04 21:21:50.428800,408.3948
1432,2012-08-05 01:00:00.028800,402.82516
1433,2012-08-05 04:38:09.628800,401.35654
1434,2012-08-05 08:16:19.228800,393.0889
1435,2012-08-05 11:54:28.828800,388.13675
1436,2012-08-05 15:32:38.428800,385.97693
1437,2012-08-05 19:10:48.028800,385.35028
1438,2012-08-05 22:48:57.628800,388.77188
1439,2012-08-06 02:27:07.228800,394.60852
1440,2012-08-06 06:05:16.828800,397.9502
1441,2012-08-06 09:43:26.428800,397.18347
1442,2012-08-06 13:21:36.028800,393.98157
1443,2012-08-06 16:59:45.628800,384.13638
1444,2012-08-06 20:37:55.228800,388.31848
1445,2012-08-07 00:16:04.828800,387.25024
1446,2012-08-07 03:54:14.428800,387.2168
1447,2012-08-07 07:32:24.028800,392.21494
1448,2012-08-07 11:10:33.628800,399.18954
1449,2012-08-07 14:48:43.228800,395.1029
1450,2012-08-07 18:26:52.828800,395.64755
1451,2012-08-07 22:05:02.428800,399.6839
1452,2012-08-08 01:43:12.028800,406.35913
1453,2012-08-08 05:21:21.628800,418.75854
1454,2012-08-08 08:59:31.228800,405.36133
1455,2012-08-08 12:37:40.828800,386.90933
1456,2012-08-08 16:15:50.428800,387.12762
1457,2012-08-08 19:54:00.028800,382.46725
1458,2012-08-08 23:32:09.628800,382.22806
1459,2012-08-09 03:10:19.228800,376.06873
1460,2012-08-09 06:48:28.828800,380.07858
1461,2012-08-09 10:26:38.428800,374.37524
1462,2012-08-09 14:04:48.028800,367.36215
1463,2012-08-09 17:42:57.628800,363.59824
1464,2012-08-09 21:21:07.228800,373.65912
1465,2012-08-10 00:59:16.828800,402.45758
1466,2012-08-10 04:37:26.428800,405.9788
1467,2012-08-10 08:15:36.028800,411.3637
1468,2012-08-10 11:53:45.628800,402.28983
1469,2012-08-10 15:31:55.228800,414.2796
1470,2012-08-10 19:10:04.828800,404.34372
1471,2012-08-10 22:48:14.428800,406.43066
1472,2012-08-11 02:26:24.028800,450.8551
1473,2012-08-11 06:04:33.628800,477.382
1474,2012-08-11 09:42:43.228800,484.95227
1475,2012-08-11 13:20:52.828800,461.23212
1476,2012-08-11 16:59:02.428800,480.59708
1477,2012-08-11 20:37:12.028800,441.16333
1478,2012-08-12 00:15:21.628800,451.24698
1479,2012-08-12 03:53:31.228800,457.7058
1480,2012-08-12 07:31:40.828800,460.01456
1481,2012-08-12 11:09:50.428800,457.88824
1482,2012-08-12 14:48:00.028800,441.03607
1483,2012-08-12 18:26:09.628800,438.56497
1484,2012-08-12 22:04:19.228800,450.82626
1485,2012-08-13 01:42:28.828800,468.42328
1486,2012-08-13 05:20:38.428800,432.44287
1487,2012-08-13 08:58:48.028800,433.64694
1488,2012-08-13 12:36:57.628800,448.71204
1489,2012-08-13 16:15:07.228800,435.65616
1490,2012-08-13 19:53:16.828800,442.319
1491,2012-08-13 23:31:26.428800,436.10495
1492,2012-08-14 03:09:36.028800,451.3301
1493,2012-08-14 06:47:45.628800,410.53214
1494,2012-08-14 10:25:55.228800,447.35294
1495,2012-08-14 14:04:04.828800,436.44324
1496,2012-08-14 17:42:14.428800,450.63693
1497,2012-08-14 21:20:24.028800,453.9215
1498,2012-08-15 00:58:33.628800,441.4795
1499,2012-08-15 04:36:43.228800,428.3117
1500,2012-08-15 08:14:52.828800,405.36163
1501,2012-08-15 11:53:02.428800,433.33505
1502,2012-08-15 15:31:12.028800,438.94073
1503,2012-08-15 19:09:21.628800,441.0508
1504,2012-08-15 22:47:31.228800,433.79422
1505,2012-08-16 02:25:40.828800,443.08542
1506,2012-08-16 06:03:50.428800,405.26678
1507,2012-08-16 09:42:00.028800,389.1391
1508,2012-08-16 13:20:09.628800,425.9458
1509,2012-08-16 16:58:19.228800,427.18594
1510,2012-08-16 20:36:28.828800,437.3456
1511,2012-08-17 00:14:38.428800,439.2496
1512,2012-08-17 03:52:48.028800,429.24487
1513,2012-08-17 07:30:57.628800,420.07617
1514,2012-08-17 11:09:07.228800,415.2293
1515,2012-08-17 14:47:16.828800,417.9246
1516,2012-08-17 18:25:26.428800,402.82358
1517,2012-08-17 22:03:36.028800,413.47412
1518,2012-08-18 01:41:45.628800,429.8566
1519,2012-08-18 05:19:55.228800,414.50064
1520,2012-08-18 08:58:04.828800,425.17096
1521,2012-08-18 12:36:14.428800,436.9154
1522,2012-08-18 16:14:24.028800,438.3585
1523,2012-08-18 19:52:33.628800,433.10703
1524,2012-08-18 23:30:43.228800,451.14972
1525,2012-08-19 03:08:52.828800,449.60358
1526,2012-08-19 06:47:02.428800,478.7498
1527,2012-08-19 10:25:12.028800,477.82944
1528,2012-08-19 14:03:21.628800,481.78952
1529,2012-08-19 17:41:31.228800,483.8424
1530,2012-08-19 21:19:40.828800,475.9751
1531,2012-08-20 00:57:50.428800,480.63333
1532,2012-08-20 04:36:00.028800,495.11038
1533,2012-08-20 08:14:09.628800,483.95142
1534,2012-08-20 11:52:19.228800,493.10632
1535,2012-08-20 15:30:28.828800,489.27188
1536,2012-08-20 19:08:38.428800,464.00555
1537,2012-08-20 22:46:48.028800,460.50372
1538,2012-08-21 02:24:57.628800,451.3417
1539,2012-08-21 06:03:07.228800,457.57822
1540,2012-08-21 09:41:16.828800,470.5416
1541,2012-08-21 13:19:26.428800,453.757
1542,2012-08-21 16:57:36.028800,438.36053
1543,2012-08-21 20:35:45.628800,425.57983
1544,2012-08-22 00:13:55.228800,415.76236
1545,2012-08-22 03:52:04.828800,418.77762
1546,2012-08-22 07:30:14.428800,417.9487
1547,2012-08-22 11:08:24.028800,410.65665
1548,2012-08-22 14:46:33.628800,394.78583
1549,2012-08-22 18:24:43.228800,369.3923
1550,2012-08-22 22:02:52.828800,377.68756
1551,2012-08-23 01:41:02.428800,372.10382
1552,2012-08-23 05:19:12.028800,380.53986
1553,2012-08-23 08:57:21.628800,381.94955
1554,2012-08-23 12:35:31.228800,373.54993
1555,2012-08-23 16:13:40.828800,382.1197
1556,2012-08-23 19:51:50.428800,371.65265
1557,2012-08-23 23:30:00.028800,369.026
1558,2012-08-24 03:08:09.628800,381.3392
1559,2012-08-24 06:46:19.228800,377.54074
1560,2012-08-24 10:24:28.828800,380.59097
1561,2012-08-24 14:02:38.428800,370.21918
1562,2012-08-24 17:40:48.028800,382.7723
1563,2012-08-24 21:18:57.628800,375.89987
1564,2012-08-25 00:57:07.228800,383.277
1565,2012-08-25 04:35:16.828800,390.6857
1566,2012-08-25 08:13:26.428800,379.21857
1567,2012-08-25 11:51:36.028800,401.91837
1568,2012-08-25 15:29:45.628800,393.02682
1569,2012-08-25 19:07:55.228800,389.47668
1570,2012-08-25 22:46:04.828800,388.16357
1571,2012-08-26 02:24:14.428800,406.1658
1572,2012-08-26 06:02:24.028800,410.32187
1573,2012-08-26 09:40:33.628800,396.55835
1574,2012-08-26 13:18:43.228800,410.45047
1575,2012-08-26 16:56:52.828800,403.37653
1576,2012-08-26 20:35:02.428800,401.33807
1577,2012-08-27 00:13:12.028800,400.9895
1578,2012-08-27 03:51:21.628800,403.57892
1579,2012-08-27 07:29:31.228800,390.4943
1580,2012-08-27 11:07:40.828800,391.92545
1581,2012-08-27 14:45:50.428800,398.42737
1582,2012-08-27 18:24:00.028800,389.0257
1583,2012-08-27 22:02:09.628800,396.85538
1584,2012-08-28 01:40:19.228800,403.4436
1585,2012-08-28 05:18:28.828800,387.45306
1586,2012-08-28 08:56:38.428800,381.8706
1587,2012-08-28 12:34:48.028800,378.64804
1588,2012-08-28 16:12:57.628800,385.91522
1589,2012-08-28 19:51:07.228800,387.73242
1590,2012-08-28 23:29:16.828800,386.25082
1591,2012-08-29 03:07:26.428800,410.49503
1592,2012-08-29 06:45:36.028800,381.67197
1593,2012-08-29 10:23:45.628800,377.33112
1594,2012-08-29 14:01:55.228800,368.79584
1595,2012-08-29 17:40:04.828800,381.00293
1596,2012-08-29 21:18:14.428800,379.18045
1597,2012-08-30 00:56:24.028800,379.54694
1598,2012-08-30 04:34:33.628800,396.21375
1599,2012-08-30 08:12:43.228800,397.4666
1600,2012-08-30 11:50:52.828800,399.97574
1601,2012-08-30 15:29:02.428800,396.8883
1602,2012-08-30 19:07:12.028800,389.49683
1603,2012-08-30 22:45:21.628800,388.2635
1604,2012-08-31 02:23:31.228800,381.603
1605,2012-08-31 06:01:40.828800,382.73096
1606,2012-08-31 09:39:50.428800,381.83224
1607,2012-08-31 13:18:00.028800,381.62643
1608,2012-08-31 16:56:09.628800,387.51926
1609,2012-08-31 20:34:19.228800,380.94348
1610,2012-09-01 00:12:28.828800,369.52478
1611,2012-09-01 03:50:38.428800,360.35822
1612,2012-09-01 07:28:48.028800,350.14514
1613,2012-09-01 11:06:57.628800,346.49942
1614,2012-09-01 14:45:07.228800,351.94754
1615,2012-09-01 18:23:16.828800,360.96982
1616,2012-09-01 22:01:26.428800,356.1852
1617,2012-09-02 01:39:36.028800,364.7944
1618,2012-09-02 05:17:45.628800,351.2646
1619,2012-09-02 08:55:55.228800,353.7204
1620,2012-09-02 12:34:04.828800,360.4607
1621,2012-09-02 16:12:14.428800,351.05124
1622,2012-09-02 19:50:24.028800,352.29208
1623,2012-09-02 23:28:33.628800,352.11295
1624,2012-09-03 03:06:43.228800,366.59964
1625,2012-09-03 06:44:52.828800,356.9406
1626,2012-09-03 10:23:02.428800,365.84064
1627,2012-09-03 14:01:12.028800,347.6358
1628,2012-09-03 17:39:21.628800,345.43195
1629,2012-09-03 21:17:31.228800,353.3145
1630,2012-09-04 00:55:40.828800,348.55576
1631,2012-09-04 04:33:50.428800,358.35315
1632,2012-09-04 08:12:00.028800,349.80502
1633,2012-09-04 11:50:09.628800,348.60803
1634,2012-09-04 15:28:19.228800,349.06778
1635,2012-09-04 19:06:28.828800,339.97247
1636,2012-09-04 22:44:38.428800,344.3435
1637,2012-09-05 02:22:48.028800,345.2702
1638,2012-09-05 06:00:57.628800,339.16748
1639,2012-09-05 09:39:07.228800,345.4425
1640,2012-09-05 13:17:16.828800,329.335
1641,2012-09-05 16:55:26.428800,328.27365
1642,2012-09-05 20:33:36.028800,333.76855
1643,2012-09-06 00:11:45.628800,339.52505
1644,2012-09-06 03:49:55.228800,343.99957
1645,2012-09-06 07:28:04.828800,347.92578
1646,2012-09-06 11:06:14.428800,341.4933
1647,2012-09-06 14:44:24.028800,336.96396
1648,2012-09-06 18:22:33.628800,339.3192
1649,2012-09-06 22:00:43.228800,340.82858
1650,2012-09-07 01:38:52.828800,348.8646
1651,2012-09-07 05:17:02.428800,349.29196
1652,2012-09-07 08:55:12.028800,361.61908
1653,2012-09-07 12:33:21.628800,370.72244
1654,2012-09-07 16:11:31.228800,364.7233
1655,2012-09-07 19:49:40.828800,358.86755
1656,2012-09-07 23:27:50.428800,364.5399
1657,2012-09-08 03:06:00.028800,369.8732
1658,2012-09-08 06:44:09.628800,370.79974
1659,2012-09-08 10:22:19.228800,380.7464
1660,2012-09-08 14:00:28.828800,377.65143
1661,2012-09-08 17:38:38.428800,386.95078
1662,2012-09-08 21:16:48.028800,405.05984
1663,2012-09-09 00:54:57.628800,405.16202
1664,2012-09-09 04:33:07.228800,414.01523
1665,2012-09-09 08:11:16.828800,402.3396
1666,2012-09-09 11:49:26.428800,399.2774
1667,2012-09-09 15:27:36.028800,405.7709
1668,2012-09-09 19:05:45.628800,402.34686
1669,2012-09-09 22:43:55.228800,415.51816
1670,2012-09-10 02:22:04.828800,416.42874
1671,2012-09-10 06:00:14.428800,430.32538
1672,2012-09-10 09:38:24.028800,420.42236
1673,2012-09-10 13:16:33.628800,413.9814
1674,2012-09-10 16:54:43.228800,412.31998
1675,2012-09-10 20:32:52.828800,411.86676
1676,2012-09-11 00:11:02.428800,426.47882
1677,2012-09-11 03:49:12.028800,422.17953
1678,2012-09-11 07:27:21.628800,421.55225
1679,2012-09-11 11:05:31.228800,414.2077
1680,2012-09-11 14:43:40.828800,410.48117
1681,2012-09-11 18:21:50.428800,415.3933
1682,2012-09-11 22:00:00.028800,411.29755
1683,2012-09-12 01:38:09.628800,416.9985
1684,2012-09-12 05:16:19.228800,417.9008
1685,2012-09-12 08:54:28.828800,421.26257
1686,2012-09-12 12:32:38.428800,415.94614
1687,2012-09-12 16:10:48.028800,403.33112
1688,2012-09-12 19:48:57.628800,400.7164
1689,2012-09-12 23:27:07.228800,406.8407
1690,2012-09-13 03:05:16.828800,401.33087
1691,2012-09-13 06:43:26.428800,400.19897
1692,2012-09-13 10:21:36.028800,397.29007
1693,2012-09-13 13:59:45.628800,397.28006
1694,2012-09-13 17:37:55.228800,389.83893
1695,2012-09-13 21:16:04.828800,384.06104
1696,2012-09-14 00:54:14.428800,386.01068
1697,2012-09-14 04:32:24.028800,383.95685
1698,2012-09-14 08:10:33.628800,376.67188
1699,2012-09-14 11:48:43.228800,364.87033
1700,2012-09-14 15:26:52.828800,379.69705
1701,2012-09-14 19:05:02.428800,373.51288
1702,2012-09-14 22:43:12.028800,371.32806
1703,2012-09-15 02:21:21.628800,380.42682
1704,2012-09-15 05:59:31.228800,384.83395
1705,2012-09-15 09:37:40.828800,383.78412
1706,2012-09-15 13:15:50.428800,375.36285
1707,2012-09-15 16:54:00.028800,395.67444
1708,2012-09-15 20:32:09.628800,405.56094
1709,2012-09-16 00:10:19.228800,401.88718
1710,2012-09-16 03:48:28.828800,412.5249
1711,2012-09-16 07:26:38.428800,414.96786
1712,2012-09-16 11:04:48.028800,418.26077
1713,2012-09-16 14:42:57.628800,415.0669
1714,2012-09-16 18:21:07.228800,421.1921
1715,2012-09-16 21:59:16.828800,428.85446
1716,2012-09-17 01:37:26.428800,423.0338
1717,2012-09-17 05:15:36.028800,417.68967
1718,2012-09-17 08:53:45.628800,415.25937
1719,2012-09-17 12:31:55.228800,408.44705
1720,2012-09-17 16:10:04.828800,404.18915
1721,2012-09-17 19:48:14.428800,402.4675
1722,2012-09-17 23:26:24.028800,393.88757
1723,2012-09-18 03:04:33.628800,387.1455
1724,2012-09-18 06:42:43.228800,385.88544
1725,2012-09-18 10:20:52.828800,397.53836
1726,2012-09-18 13:59:02.428800,372.0951
1727,2012-09-18 17:37:12.028800,360.29575
1728,2012-09-18 21:15:21.628800,366.50458
1729,2012-09-19 00:53:31.228800,364.09598
1730,2012-09-19 04:31:40.828800,380.68973
1731,2012-09-19 08:09:50.428800,396.5976
1732,2012-09-19 11:48:00.028800,406.99496
1733,2012-09-19 15:26:09.628800,387.7961
1734,2012-09-19 19:04:19.228800,388.5395
1735,2012-09-19 22:42:28.828800,400.86478
1736,2012-09-20 02:20:38.428800,419.4741
1737,2012-09-20 05:58:48.028800,441.01755
1738,2012-09-20 09:36:57.628800,504.27594
1739,2012-09-20 13:15:07.228800,504.06018
1740,2012-09-20 16:53:16.828800,467.09393
1741,2012-09-20 20:31:26.428800,445.57532
1742,2012-09-21 00:09:36.028800,453.1972
1743,2012-09-21 03:47:45.628800,470.92392
1744,2012-09-21 07:25:55.228800,488.38898
1745,2012-09-21 11:04:04.828800,523.5267
1746,2012-09-21 14:42:14.428800,521.9712
1747,2012-09-21 18:20:24.028800,508.33176
1748,2012-09-21 21:58:33.628800,491.7667
1749,2012-09-22 01:36:43.228800,511.16342
1750,2012-09-22 05:14:52.828800,507.5963
1751,2012-09-22 08:53:02.428800,515.9554
1752,2012-09-22 12:31:12.028800,509.8005
1753,2012-09-22 16:09:21.628800,501.5886
1754,2012-09-22 19:47:31.228800,499.60394
1755,2012-09-22 23:25:40.828800,481.59723
1756,2012-09-23 03:03:50.428800,501.9922
1757,2012-09-23 06:42:00.028800,485.5989
1758,2012-09-23 10:20:09.628800,492.3512
1759,2012-09-23 13:58:19.228800,484.10272
1760,2012-09-23 17:36:28.828800,471.52078
1761,2012-09-23 21:14:38.428800,450.9862
1762,2012-09-24 00:52:48.028800,455.49554
1763,2012-09-24 04:30:57.628800,464.14926
1764,2012-09-24 08:09:07.228800,449.29636
1765,2012-09-24 11:47:16.828800,445.7804
1766,2012-09-24 15:25:26.428800,446.3401
1767,2012-09-24 19:03:36.028800,435.52026
1768,2012-09-24 22:41:45.628800,426.37292
1769,2012-09-25 02:19:55.228800,433.57205
1770,2012-09-25 05:58:04.828800,438.79462
1771,2012-09-25 09:36:14.428800,425.30984
1772,2012-09-25 13:14:24.028800,415.0596
1773,2012-09-25 16:52:33.628800,394.91223
1774,2012-09-25 20:30:43.228800,393.78244
1775,2012-09-26 00:08:52.828800,392.95825
1776,2012-09-26 03:47:02.428800,401.0293
1777,2012-09-26 07:25:12.028800,409.83368
1778,2012-09-26 11:03:21.628800,402.1077
1779,2012-09-26 14:41:31.228800,378.1118
1780,2012-09-26 18:19:40.828800,365.4985
1781,2012-09-26 21:57:50.428800,363.5813
1782,2012-09-27 01:36:00.028800,363.11346
1783,2012-09-27 05:14:09.628800,374.0209
1784,2012-09-27 08:52:19.228800,370.06525
1785,2012-09-27 12:30:28.828800,359.48758
1786,2012-09-27 16:08:38.428800,350.78973
1787,2012-09-27 19:46:48.028800,349.10843
1788,2012-09-27 23:24:57.628800,342.9808
1789,2012-09-28 03:03:07.228800,336.85315
1790,2012-09-28 06:41:16.828800,360.09317
1791,2012-09-28 10:19:26.428800,365.5934
1792,2012-09-28 13:57:36.028800,343.52203
1793,2012-09-28 17:35:45.628800,337.37842
1794,2012-09-28 21:13:55.228800,349.44485
1795,2012-09-29 00:52:04.828800,353.43018
1796,2012-09-29 04:30:14.428800,344.34653
1797,2012-09-29 08:08:24.028800,362.0515
1798,2012-09-29 11:46:33.628800,359.95206
1799,2012-09-29 15:24:43.228800,351.7063
1800,2012-09-29 19:02:52.828800,366.59442
1801,2012-09-29 22:41:02.428800,367.01947
1802,2012-09-30 02:19:12.028800,363.39056
1803,2012-09-30 05:57:21.628800,367.15512
1804,2012-09-30 09:35:31.228800,368.22855
1805,2012-09-30 13:13:40.828800,361.52573
1806,2012-09-30 16:51:50.428800,348.41803
1807,2012-09-30 20:30:00.028800,376.11365
1808,2012-10-01 00:08:09.628800,381.5013
1809,2012-10-01 03:46:19.228800,387.11395
1810,2012-10-01 07:24:28.828800,376.8398
1811,2012-10-01 11:02:38.428800,393.0519
1812,2012-10-01 14:40:48.028800,387.85162
1813,2012-10-01 18:18:57.628800,382.42712
1814,2012-10-01 21:57:07.228800,395.30673
1815,2012-10-02 01:35:16.828800,388.229
1816,2012-10-02 05:13:26.428800,385.84744
1817,2012-10-02 08:51:36.028800,396.27747
1818,2012-10-02 12:29:45.628800,400.4824
1819,2012-10-02 16:07:55.228800,395.7194
1820,2012-10-02 19:46:04.828800,387.09088
1821,2012-10-02 23:24:14.428800,395.54056
1822,2012-10-03 03:02:24.028800,381.76678
1823,2012-10-03 06:40:33.628800,372.15384
1824,2012-10-03 10:18:43.228800,390.46643
1825,2012-10-03 13:56:52.828800,390.1354
1826,2012-10-03 17:35:02.428800,394.22528
1827,2012-10-03 21:13:12.028800,381.039
1828,2012-10-04 00:51:21.628800,387.83865
1829,2012-10-04 04:29:31.228800,371.36008
1830,2012-10-04 08:07:40.828800,360.56207
1831,2012-10-04 11:45:50.428800,361.77905
1832,2012-10-04 15:24:00.028800,361.34793
1833,2012-10-04 19:02:09.628800,362.86688
1834,2012-10-04 22:40:19.228800,369.2104
1835,2012-10-05 02:18:28.828800,369.31418
1836,2012-10-05 05:56:38.428800,371.19882
1837,2012-10-05 09:34:48.028800,351.10626
1838,2012-10-05 13:12:57.628800,349.9682
1839,2012-10-05 16:51:07.228800,354.96127
1840,2012-10-05 20:29:16.828800,364.5105
1841,2012-10-06 00:07:26.428800,360.25085
1842,2012-10-06 03:45:36.028800,358.81287
1843,2012-10-06 07:23:45.628800,351.00018
1844,2012-10-06 11:01:55.228800,339.85516
1845,2012-10-06 14:40:04.828800,329.95605
1846,2012-10-06 18:18:14.428800,335.70657
1847,2012-10-06 21:56:24.028800,345.93112
1848,2012-10-07 01:34:33.628800,352.6165
1849,2012-10-07 05:12:43.228800,361.3239
1850,2012-10-07 08:50:52.828800,342.7798
1851,2012-10-07 12:29:02.428800,357.22137
1852,2012-10-07 16:07:12.028800,354.55365
1853,2012-10-07 19:45:21.628800,362.3362
1854,2012-10-07 23:23:31.228800,355.0545
1855,2012-10-08 03:01:40.828800,373.141
1856,2012-10-08 06:39:50.428800,369.11682
1857,2012-10-08 10:18:00.028800,369.0843
1858,2012-10-08 13:56:09.628800,377.0138
1859,2012-10-08 17:34:19.228800,390.73083
1860,2012-10-08 21:12:28.828800,408.10327
1861,2012-10-09 00:50:38.428800,452.33966
1862,2012-10-09 04:28:48.028800,469.11044
1863,2012-10-09 08:06:57.628800,477.097
1864,2012-10-09 11:45:07.228800,459.01566
1865,2012-10-09 15:23:16.828800,492.7671
1866,2012-10-09 19:01:26.428800,491.46765
1867,2012-10-09 22:39:36.028800,481.20584
1868,2012-10-10 02:17:45.628800,488.172
1869,2012-10-10 05:55:55.228800,473.446
1870,2012-10-10 09:34:04.828800,472.73605
1871,2012-10-10 13:12:14.428800,469.8586
1872,2012-10-10 16:50:24.028800,474.15182
1873,2012-10-10 20:28:33.628800,472.44998
1874,2012-10-11 00:06:43.228800,467.01212
1875,2012-10-11 03:44:52.828800,475.14944
1876,2012-10-11 07:23:02.428800,454.46768
1877,2012-10-11 11:01:12.028800,452.72354
1878,2012-10-11 14:39:21.628800,445.32898
1879,2012-10-11 18:17:31.228800,443.53378
1880,2012-10-11 21:55:40.828800,434.9953
1881,2012-10-12 01:33:50.428800,434.52713
1882,2012-10-12 05:12:00.028800,430.3025
1883,2012-10-12 08:50:09.628800,419.5638
1884,2012-10-12 12:28:19.228800,407.6691
1885,2012-10-12 16:06:28.828800,409.78253
1886,2012-10-12 19:44:38.428800,408.37488
1887,2012-10-12 23:22:48.028800,403.5334
1888,2012-10-13 03:00:57.628800,402.1157
1889,2012-10-13 06:39:07.228800,396.64633
1890,2012-10-13 10:17:16.828800,399.31534
1891,2012-10-13 13:55:26.428800,387.38046
1892,2012-10-13 17:33:36.028800,392.94202
1893,2012-10-13 21:11:45.628800,387.36832
1894,2012-10-14 00:49:55.228800,388.90335
1895,2012-10-14 04:28:04.828800,387.7075
1896,2012-10-14 08:06:14.428800,378.8377
1897,2012-10-14 11:44:24.028800,385.26257
1898,2012-10-14 15:22:33.628800,376.16193
1899,2012-10-14 19:00:43.228800,370.43423
1900,2012-10-14 22:38:52.828800,351.47906
1901,2012-10-15 02:17:02.428800,375.306
1902,2012-10-15 05:55:12.028800,371.72552
1903,2012-10-15 09:33:21.628800,365.5807
1904,2012-10-15 13:11:31.228800,368.1188
1905,2012-10-15 16:49:40.828800,359.8325
1906,2012-10-15 20:27:50.428800,382.9351
1907,2012-10-16 00:06:00.028800,380.08853
1908,2012-10-16 03:44:09.628800,386.34592
1909,2012-10-16 07:22:19.228800,374.56427
1910,2012-10-16 11:00:28.828800,377.37906
1911,2012-10-16 14:38:38.428800,381.96683
1912,2012-10-16 18:16:48.028800,385.58194
1913,2012-10-16 21:54:57.628800,404.77487
1914,2012-10-17 01:33:07.228800,398.39716
1915,2012-10-17 05:11:16.828800,409.7177
1916,2012-10-17 08:49:26.428800,397.71375
1917,2012-10-17 12:27:36.028800,389.52106
1918,2012-10-17 16:05:45.628800,406.4958
1919,2012-10-17 19:43:55.228800,429.47305
1920,2012-10-17 23:22:04.828800,437.5639
1921,2012-10-18 03:00:14.428800,417.217
1922,2012-10-18 06:38:24.028800,435.56622
1923,2012-10-18 10:16:33.628800,420.59836
1924,2012-10-18 13:54:43.228800,395.96838
1925,2012-10-18 17:32:52.828800,413.89023
1926,2012-10-18 21:11:02.428800,427.90298
1927,2012-10-19 00:49:12.028800,426.31207
1928,2012-10-19 04:27:21.628800,415.19965
1929,2012-10-19 08:05:31.228800,419.088
1930,2012-10-19 11:43:40.828800,393.08167
1931,2012-10-19 15:21:50.428800,383.03058
1932,2012-10-19 19:00:00.028800,387.2172
1933,2012-10-19 22:38:09.628800,395.09424
1934,2012-10-20 02:16:19.228800,392.95828
1935,2012-10-20 05:54:28.828800,380.69843
1936,2012-10-20 09:32:38.428800,384.10303
1937,2012-10-20 13:10:48.028800,374.9204
1938,2012-10-20 16:48:57.628800,363.4253
1939,2012-10-20 20:27:07.228800,365.44388
1940,2012-10-21 00:05:16.828800,355.93182
1941,2012-10-21 03:43:26.428800,362.37543
1942,2012-10-21 07:21:36.028800,366.71136
1943,2012-10-21 10:59:45.628800,374.89606
1944,2012-10-21 14:37:55.228800,364.43854
1945,2012-10-21 18:16:04.828800,365.99323
1946,2012-10-21 21:54:14.428800,353.40036
1947,2012-10-22 01:32:24.028800,354.5656
1948,2012-10-22 05:10:33.628800,359.4304
1949,2012-10-22 08:48:43.228800,360.0979
1950,2012-10-22 12:26:52.828800,372.03336
1951,2012-10-22 16:05:02.428800,373.82593
1952,2012-10-22 19:43:12.028800,379.8741
1953,2012-10-22 23:21:21.628800,378.9976
1954,2012-10-23 02:59:31.228800,371.7995
1955,2012-10-23 06:37:40.828800,371.88855
1956,2012-10-23 10:15:50.428800,365.04706
1957,2012-10-23 13:54:00.028800,370.59512
1958,2012-10-23 17:32:09.628800,372.8223
1959,2012-10-23 21:10:19.228800,378.01544
1960,2012-10-24 00:48:28.828800,389.6643
1961,2012-10-24 04:26:38.428800,376.8404
1962,2012-10-24 08:04:48.028800,387.5029
1963,2012-10-24 11:42:57.628800,367.45728
1964,2012-10-24 15:21:07.228800,366.32843
1965,2012-10-24 18:59:16.828800,367.55173
1966,2012-10-24 22:37:26.428800,366.8759
1967,2012-10-25 02:15:36.028800,364.1252
1968,2012-10-25 05:53:45.628800,361.81134
1969,2012-10-25 09:31:55.228800,356.2968
1970,2012-10-25 13:10:04.828800,348.79092
1971,2012-10-25 16:48:14.428800,348.5129
1972,2012-10-25 20:26:24.028800,340.69037
1973,2012-10-26 00:04:33.628800,337.9473
1974,2012-10-26 03:42:43.228800,329.3275
1975,2012-10-26 07:20:52.828800,332.06372
1976,2012-10-26 10:59:02.428800,346.3264
1977,2012-10-26 14:37:12.028800,349.29346
1978,2012-10-26 18:15:21.628800,340.283
1979,2012-10-26 21:53:31.228800,331.8931
1980,2012-10-27 01:31:40.828800,339.15994
1981,2012-10-27 05:09:50.428800,365.12637
1982,2012-10-27 08:48:00.028800,363.54196
1983,2012-10-27 12:26:09.628800,366.21262
1984,2012-10-27 16:04:19.228800,365.72742
1985,2012-10-27 19:42:28.828800,355.56268
1986,2012-10-27 23:20:38.428800,354.88174
1987,2012-10-28 02:58:48.028800,345.5539
1988,2012-10-28 06:36:57.628800,363.75186
1989,2012-10-28 10:15:07.228800,372.96915
1990,2012-10-28 13:53:16.828800,373.59213
1991,2012-10-28 17:31:26.428800,368.15253
1992,2012-10-28 21:09:36.028800,355.8675
1993,2012-10-29 00:47:45.628800,349.35776
1994,2012-10-29 04:25:55.228800,352.6055
1995,2012-10-29 08:04:04.828800,362.01343
1996,2012-10-29 11:42:14.428800,366.11288
1997,2012-10-29 15:20:24.028800,366.41187
1998,2012-10-29 18:58:33.628800,363.88788
1999,2012-10-29 22:36:43.228800,364.18872
2000,2012-10-30 02:14:52.828800,363.55563
2001,2012-10-30 05:53:02.428800,352.74316
2002,2012-10-30 09:31:12.028800,353.1242
2003,2012-10-30 13:09:21.628800,360.08902
2004,2012-10-30 16:47:31.228800,358.62704
2005,2012-10-30 20:25:40.828800,364.2518
2006,2012-10-31 00:03:50.428800,361.24786
2007,2012-10-31 03:42:00.028800,361.523
2008,2012-10-31 07:20:09.628800,347.2563
2009,2012-10-31 10:58:19.228800,356.67462
2010,2012-10-31 14:36:28.828800,367.38577
2011,2012-10-31 18:14:38.428800,369.6276
2012,2012-10-31 21:52:48.028800,370.10022
2013,2012-11-01 01:30:57.628800,367.69876
2014,2012-11-01 05:09:07.228800,353.8931
2015,2012-11-01 08:47:16.828800,342.3418
2016,2012-11-01 12:25:26.428800,357.8172
2017,2012-11-01 16:03:36.028800,371.74164
2018,2012-11-01 19:41:45.628800,366.5516
2019,2012-11-01 23:19:55.228800,367.8881
2020,2012-11-02 02:58:04.828800,364.85855
2021,2012-11-02 06:36:14.428800,355.6655
2022,2012-11-02 10:14:24.028800,344.66586
2023,2012-11-02 13:52:33.628800,347.79083
2024,2012-11-02 17:30:43.228800,351.22684
2025,2012-11-02 21:08:52.828800,352.3428
2026,2012-11-03 00:47:02.428800,356.95526
2027,2012-11-03 04:25:12.028800,358.09262
2028,2012-11-03 08:03:21.628800,347.2189
2029,2012-11-03 11:41:31.228800,355.54175
2030,2012-11-03 15:19:40.828800,357.791
2031,2012-11-03 18:57:50.428800,371.11588
2032,2012-11-03 22:36:00.028800,380.3564
2033,2012-11-04 02:14:09.628800,367.41522
2034,2012-11-04 05:52:19.228800,371.99753
2035,2012-11-04 09:30:28.828800,363.82614
2036,2012-11-04 13:08:38.428800,379.98853
2037,2012-11-04 16:46:48.028800,374.4655
2038,2012-11-04 20:24:57.628800,390.45865
2039,2012-11-05 00:03:07.228800,409.41412
2040,2012-11-05 03:41:16.828800,411.6884
2041,2012-11-05 07:19:26.428800,417.88998
2042,2012-11-05 10:57:36.028800,394.91495
2043,2012-11-05 14:35:45.628800,412.2929
2044,2012-11-05 18:13:55.228800,399.665
2045,2012-11-05 21:52:04.828800,409.92722
2046,2012-11-06 01:30:14.428800,418.69424
2047,2012-11-06 05:08:24.028800,443.35657
2048,2012-11-06 08:46:33.628800,447.07257
2049,2012-11-06 12:24:43.228800,423.71024
2050,2012-11-06 16:02:52.828800,431.5437
2051,2012-11-06 19:41:02.428800,408.92416
2052,2012-11-06 23:19:12.028800,423.73114
2053,2012-11-07 02:57:21.628800,416.47372
2054,2012-11-07 06:35:31.228800,424.29333
2055,2012-11-07 10:13:40.828800,420.2517
2056,2012-11-07 13:51:50.428800,423.4458
2057,2012-11-07 17:30:00.028800,418.84433
2058,2012-11-07 21:08:09.628800,402.35645
2059,2012-11-08 00:46:19.228800,415.84616
2060,2012-11-08 04:24:28.828800,404.55594
2061,2012-11-08 08:02:38.428800,410.881
2062,2012-11-08 11:40:48.028800,409.53806
2063,2012-11-08 15:18:57.628800,395.40976
2064,2012-11-08 18:57:07.228800,397.11234
2065,2012-11-08 22:35:16.828800,401.0097
2066,2012-11-09 02:13:26.428800,402.2643
2067,2012-11-09 05:51:36.028800,385.74545
2068,2012-11-09 09:29:45.628800,405.91812
2069,2012-11-09 13:07:55.228800,408.81577
2070,2012-11-09 16:46:04.828800,396.51065
2071,2012-11-09 20:24:14.428800,428.8676
2072,2012-11-10 00:02:24.028800,426.81604
2073,2012-11-10 03:40:33.628800,436.84238
2074,2012-11-10 07:18:43.228800,425.74243
2075,2012-11-10 10:56:52.828800,415.75964
2076,2012-11-10 14:35:02.428800,408.55298
2077,2012-11-10 18:13:12.028800,408.30307
2078,2012-11-10 21:51:21.628800,429.83884
2079,2012-11-11 01:29:31.228800,429.34003
2080,2012-11-11 05:07:40.828800,440.5488
2081,2012-11-11 08:45:50.428800,427.94693
2082,2012-11-11 12:24:00.028800,416.40585
2083,2012-11-11 16:02:09.628800,405.07327
2084,2012-11-11 19:40:19.228800,415.87442
2085,2012-11-11 23:18:28.828800,414.37872
2086,2012-11-12 02:56:38.428800,395.94476
2087,2012-11-12 06:34:48.028800,411.1417
2088,2012-11-12 10:12:57.628800,407.1766
2089,2012-11-12 13:51:07.228800,407.9008
2090,2012-11-12 17:29:16.828800,389.42963
2091,2012-11-12 21:07:26.428800,387.10397
2092,2012-11-13 00:45:36.028800,388.40173
2093,2012-11-13 04:23:45.628800,401.22858
2094,2012-11-13 08:01:55.228800,427.15817
2095,2012-11-13 11:40:04.828800,428.31003
2096,2012-11-13 15:18:14.428800,425.1488
2097,2012-11-13 18:56:24.028800,414.91666
2098,2012-11-13 22:34:33.628800,413.87308
2099,2012-11-14 02:12:43.228800,412.8743
2100,2012-11-14 05:50:52.828800,432.0156
2101,2012-11-14 09:29:02.428800,438.81653
2102,2012-11-14 13:07:12.028800,445.81516
2103,2012-11-14 16:45:21.628800,440.1941
2104,2012-11-14 20:23:31.228800,433.79596
2105,2012-11-15 00:01:40.828800,424.2234
2106,2012-11-15 03:39:50.428800,425.64322
2107,2012-11-15 07:18:00.028800,428.24097
2108,2012-11-15 10:56:09.628800,434.538
2109,2012-11-15 14:34:19.228800,425.8821
2110,2012-11-15 18:12:28.828800,419.42865
2111,2012-11-15 21:50:38.428800,415.51453
2112,2012-11-16 01:28:48.028800,423.42075
2113,2012-11-16 05:06:57.628800,422.35373
2114,2012-11-16 08:45:07.228800,416.3583
2115,2012-11-16 12:23:16.828800,379.27264
2116,2012-11-16 16:01:26.428800,381.3609
2117,2012-11-16 19:39:36.028800,379.0262
2118,2012-11-16 23:17:45.628800,381.90128
2119,2012-11-17 02:55:55.228800,378.66104
2120,2012-11-17 06:34:04.828800,383.52216
2121,2012-11-17 10:12:14.428800,375.40765
2122,2012-11-17 13:50:24.028800,371.09048
2123,2012-11-17 17:28:33.628800,375.45474
2124,2012-11-17 21:06:43.228800,375.31766
2125,2012-11-18 00:44:52.828800,368.54056
2126,2012-11-18 04:23:02.428800,364.18323
2127,2012-11-18 08:01:12.028800,365.1724
2128,2012-11-18 11:39:21.628800,370.40024
2129,2012-11-18 15:17:31.228800,361.4186
2130,2012-11-18 18:55:40.828800,368.7312
2131,2012-11-18 22:33:50.428800,367.61487
2132,2012-11-19 02:12:00.028800,364.2407
2133,2012-11-19 05:50:09.628800,350.26218
2134,2012-11-19 09:28:19.228800,350.6114
2135,2012-11-19 13:06:28.828800,362.90506
2136,2012-11-19 16:44:38.428800,360.4484
2137,2012-11-19 20:22:48.028800,365.27155
2138,2012-11-20 00:00:57.628800,360.00067
2139,2012-11-20 03:39:07.228800,354.04257
2140,2012-11-20 07:17:16.828800,340.37592
2141,2012-11-20 10:55:26.428800,345.26602
2142,2012-11-20 14:33:36.028800,325.49677
2143,2012-11-20 18:11:45.628800,347.14426
2144,2012-11-20 21:49:55.228800,345.90112
2145,2012-11-21 01:28:04.828800,355.03177
2146,2012-11-21 05:06:14.428800,351.354
2147,2012-11-21 08:44:24.028800,346.6079
2148,2012-11-21 12:22:33.628800,346.6086
2149,2012-11-21 16:00:43.228800,335.42578
2150,2012-11-21 19:38:52.828800,343.72076
2151,2012-11-21 23:17:02.428800,345.69656
2152,2012-11-22 02:55:12.028800,353.48795
2153,2012-11-22 06:33:21.628800,347.33835
2154,2012-11-22 10:11:31.228800,351.68283
2155,2012-11-22 13:49:40.828800,346.51358
2156,2012-11-22 17:27:50.428800,341.78506
2157,2012-11-22 21:06:00.028800,347.81003
2158,2012-11-23 00:44:09.628800,342.37805
2159,2012-11-23 04:22:19.228800,344.99646
2160,2012-11-23 08:00:28.828800,350.5338
2161,2012-11-23 11:38:38.428800,355.81503
2162,2012-11-23 15:16:48.028800,354.5613
2163,2012-11-23 18:54:57.628800,346.5623
2164,2012-11-23 22:33:07.228800,350.4222
2165,2012-11-24 02:11:16.828800,356.09814
2166,2012-11-24 05:49:26.428800,344.66055
2167,2012-11-24 09:27:36.028800,343.1666
2168,2012-11-24 13:05:45.628800,340.5323
2169,2012-11-24 16:43:55.228800,344.39194
2170,2012-11-24 20:22:04.828800,333.80597
2171,2012-11-25 00:00:14.428800,333.29065
2172,2012-11-25 03:38:24.028800,335.168
2173,2012-11-25 07:16:33.628800,331.30338
2174,2012-11-25 10:54:43.228800,337.33954
2175,2012-11-25 14:32:52.828800,335.9745
2176,2012-11-25 18:11:02.428800,336.64905
2177,2012-11-25 21:49:12.028800,338.42892
2178,2012-11-26 01:27:21.628800,331.3515
2179,2012-11-26 05:05:31.228800,335.73776
2180,2012-11-26 08:43:40.828800,336.99033
2181,2012-11-26 12:21:50.428800,329.6675
2182,2012-11-26 16:00:00.028800,340.71008
2183,2012-11-26 19:38:09.628800,340.3971
2184,2012-11-26 23:16:19.228800,351.5491
2185,2012-11-27 02:54:28.828800,353.11774
2186,2012-11-27 06:32:38.428800,344.12744
2187,2012-11-27 10:10:48.028800,362.03903
2188,2012-11-27 13:48:57.628800,354.98798
2189,2012-11-27 17:27:07.228800,358.25034
2190,2012-11-27 21:05:16.828800,356.007
2191,2012-11-28 00:43:26.428800,354.6035
2192,2012-11-28 04:21:36.028800,354.64975
2193,2012-11-28 07:59:45.628800,348.97656
2194,2012-11-28 11:37:55.228800,359.51013
2195,2012-11-28 15:16:04.828800,361.7708
2196,2012-11-28 18:54:14.428800,350.86542
2197,2012-11-28 22:32:24.028800,343.1527
2198,2012-11-29 02:10:33.628800,353.5287
2199,2012-11-29 05:48:43.228800,348.2076
2200,2012-11-29 09:26:52.828800,338.4983
2201,2012-11-29 13:05:02.428800,345.91382
2202,2012-11-29 16:43:12.028800,353.39603
2203,2012-11-29 20:21:21.628800,347.42285
2204,2012-11-29 23:59:31.228800,337.28748
2205,2012-11-30 03:37:40.828800,337.4412
2206,2012-11-30 07:15:50.428800,325.5445
2207,2012-11-30 10:54:00.028800,341.31525
2208,2012-11-30 14:32:09.628800,337.8465
2209,2012-11-30 18:10:19.228800,330.8878
2210,2012-11-30 21:48:28.828800,344.03098
2211,2012-12-01 01:26:38.428800,352.57278
2212,2012-12-01 05:04:48.028800,342.86346
2213,2012-12-01 08:42:57.628800,340.34076
2214,2012-12-01 12:21:07.228800,343.65567
2215,2012-12-01 15:59:16.828800,336.12747
2216,2012-12-01 19:37:26.428800,342.78268
2217,2012-12-01 23:15:36.028800,339.88983
2218,2012-12-02 02:53:45.628800,344.1568
2219,2012-12-02 06:31:55.228800,350.3644
2220,2012-12-02 10:10:04.828800,347.66702
2221,2012-12-02 13:48:14.428800,346.57156
2222,2012-12-02 17:26:24.028800,350.1574
2223,2012-12-02 21:04:33.628800,346.9748
2224,2012-12-03 00:42:43.228800,343.59027
2225,2012-12-03 04:20:52.828800,355.3853
2226,2012-12-03 07:59:02.428800,372.0387
2227,2012-12-03 11:37:12.028800,382.0575
2228,2012-12-03 15:15:21.628800,384.132
2229,2012-12-03 18:53:31.228800,385.75055
2230,2012-12-03 22:31:40.828800,378.5698
2231,2012-12-04 02:09:50.428800,374.0553
2232,2012-12-04 05:48:00.028800,378.4077
2233,2012-12-04 09:26:09.628800,387.88748
2234,2012-12-04 13:04:19.228800,391.60126
2235,2012-12-04 16:42:28.828800,406.01114
2236,2012-12-04 20:20:38.428800,405.46896
2237,2012-12-04 23:58:48.028800,413.96826
2238,2012-12-05 03:36:57.628800,394.26898
2239,2012-12-05 07:15:07.228800,380.5555
2240,2012-12-05 10:53:16.828800,382.22028
2241,2012-12-05 14:31:26.428800,377.61765
2242,2012-12-05 18:09:36.028800,372.0903
2243,2012-12-05 21:47:45.628800,370.4994
2244,2012-12-06 01:25:55.228800,373.05048
2245,2012-12-06 05:04:04.828800,361.80048
2246,2012-12-06 08:42:14.428800,369.84497
2247,2012-12-06 12:20:24.028800,354.1586
2248,2012-12-06 15:58:33.628800,344.1283
2249,2012-12-06 19:36:43.228800,343.01126
2250,2012-12-06 23:14:52.828800,349.53546
2251,2012-12-07 02:53:02.428800,352.94232
2252,2012-12-07 06:31:12.028800,352.53687
2253,2012-12-07 10:09:21.628800,364.60953
2254,2012-12-07 13:47:31.228800,350.31107
2255,2012-12-07 17:25:40.828800,358.79587
2256,2012-12-07 21:03:50.428800,361.1516
2257,2012-12-08 00:42:00.028800,353.36597
2258,2012-12-08 04:20:09.628800,361.19873
2259,2012-12-08 07:58:19.228800,372.51016
2260,2012-12-08 11:36:28.828800,368.97488
2261,2012-12-08 15:14:38.428800,348.37082
2262,2012-12-08 18:52:48.028800,360.66797
2263,2012-12-08 22:30:57.628800,363.12225
2264,2012-12-09 02:09:07.228800,353.57968
2265,2012-12-09 05:47:16.828800,387.72543
2266,2012-12-09 09:25:26.428800,392.16083
2267,2012-12-09 13:03:36.028800,380.52805
2268,2012-12-09 16:41:45.628800,371.94473
2269,2012-12-09 20:19:55.228800,370.00357
2270,2012-12-09 23:58:04.828800,359.68503
2271,2012-12-10 03:36:14.428800,354.19077
2272,2012-12-10 07:14:24.028800,369.4754
2273,2012-12-10 10:52:33.628800,397.1924
2274,2012-12-10 14:30:43.228800,382.23218
2275,2012-12-10 18:08:52.828800,374.84702
2276,2012-12-10 21:47:02.428800,374.6295
2277,2012-12-11 01:25:12.028800,363.66476
2278,2012-12-11 05:03:21.628800,370.7394
2279,2012-12-11 08:41:31.228800,383.23184
2280,2012-12-11 12:19:40.828800,381.76624
2281,2012-12-11 15:57:50.428800,371.86554
2282,2012-12-11 19:36:00.028800,363.35522
2283,2012-12-11 23:14:09.628800,365.61343
2284,2012-12-12 02:52:19.228800,365.85605
2285,2012-12-12 06:30:28.828800,383.80945
2286,2012-12-12 10:08:38.428800,391.72095
2287,2012-12-12 13:46:48.028800,372.07858
2288,2012-12-12 17:24:57.628800,383.71637
2289,2012-12-12 21:03:07.228800,378.4926
2290,2012-12-13 00:41:16.828800,378.2991
2291,2012-12-13 04:19:26.428800,372.24335
2292,2012-12-13 07:57:36.028800,388.877
2293,2012-12-13 11:35:45.628800,389.00632
2294,2012-12-13 15:13:55.228800,378.50592
2295,2012-12-13 18:52:04.828800,381.4786
2296,2012-12-13 22:30:14.428800,381.5836
2297,2012-12-14 02:08:24.028800,381.50916
2298,2012-12-14 05:46:33.628800,373.4106
2299,2012-12-14 09:24:43.228800,383.90848
2300,2012-12-14 13:02:52.828800,365.59872
2301,2012-12-14 16:41:02.428800,362.2977
2302,2012-12-14 20:19:12.028800,376.92535
2303,2012-12-14 23:57:21.628800,376.9782
2304,2012-12-15 03:35:31.228800,366.36984
2305,2012-12-15 07:13:40.828800,372.08804
2306,2012-12-15 10:51:50.428800,372.92642
2307,2012-12-15 14:30:00.028800,365.61316
2308,2012-12-15 18:08:09.628800,365.61316
2309,2012-12-15 21:46:19.228800,366.5351
2310,2012-12-16 01:24:28.828800,370.75528
2311,2012-12-16 05:02:38.428800,369.6365
2312,2012-12-16 08:40:48.028800,372.9951
2313,2012-12-16 12:18:57.628800,382.16324
2314,2012-12-16 15:57:07.228800,368.92804
2315,2012-12-16 19:35:16.828800,369.61502
2316,2012-12-16 23:13:26.428800,371.49112
2317,2012-12-17 02:51:36.028800,368.95233
2318,2012-12-17 06:29:45.628800,371.5353
2319,2012-12-17 10:07:55.228800,371.59637
2320,2012-12-17 13:46:04.828800,386.6838
2321,2012-12-17 17:24:14.428800,381.5071
2322,2012-12-17 21:02:24.028800,382.66055
2323,2012-12-18 00:40:33.628800,387.87833
2324,2012-12-18 04:18:43.228800,400.53262
2325,2012-12-18 07:56:52.828800,396.66168
2326,2012-12-18 11:35:02.428800,382.80695
2327,2012-12-18 15:13:12.028800,379.05228
2328,2012-12-18 18:51:21.628800,386.22662
2329,2012-12-18 22:29:31.228800,380.20392
2330,2012-12-19 02:07:40.828800,385.87708
2331,2012-12-19 05:45:50.428800,394.1586
2332,2012-12-19 09:24:00.028800,390.74307
2333,2012-12-19 13:02:09.628800,377.64154
2334,2012-12-19 16:40:19.228800,375.01944
2335,2012-12-19 20:18:28.828800,379.79013
2336,2012-12-19 23:56:38.428800,388.38184
2337,2012-12-20 03:34:48.028800,402.34515
2338,2012-12-20 07:12:57.628800,398.3761
2339,2012-12-20 10:51:07.228800,396.45483
2340,2012-12-20 14:29:16.828800,384.149
2341,2012-12-20 18:07:26.428800,390.5242
2342,2012-12-20 21:45:36.028800,380.74734
2343,2012-12-21 01:23:45.628800,387.26938
2344,2012-12-21 05:01:55.228800,393.49603
2345,2012-12-21 08:40:04.828800,402.44217
2346,2012-12-21 12:18:14.428800,395.54602
2347,2012-12-21 15:56:24.028800,384.927
2348,2012-12-21 19:34:33.628800,385.19574
2349,2012-12-21 23:12:43.228800,375.29132
2350,2012-12-22 02:50:52.828800,370.22223
2351,2012-12-22 06:29:02.428800,375.9654
2352,2012-12-22 10:07:12.028800,377.49866
2353,2012-12-22 13:45:21.628800,382.38248
2354,2012-12-22 17:23:31.228800,383.01285
2355,2012-12-22 21:01:40.828800,380.3582
2356,2012-12-23 00:39:50.428800,383.1014
2357,2012-12-23 04:18:00.028800,375.71744
2358,2012-12-23 07:56:09.628800,381.0646
2359,2012-12-23 11:34:19.228800,402.3828
2360,2012-12-23 15:12:28.828800,400.10596
2361,2012-12-23 18:50:38.428800,384.54703
2362,2012-12-23 22:28:48.028800,370.07013
2363,2012-12-24 02:06:57.628800,369.9793
2364,2012-12-24 05:45:07.228800,378.7158
2365,2012-12-24 09:23:16.828800,367.8512
2366,2012-12-24 13:01:26.428800,380.32434
2367,2012-12-24 16:39:36.028800,384.49008
2368,2012-12-24 20:17:45.628800,380.25818
2369,2012-12-24 23:55:55.228800,358.64673
2370,2012-12-25 03:34:04.828800,371.54587
2371,2012-12-25 07:12:14.428800,367.6407
2372,2012-12-25 10:50:24.028800,362.6729
2373,2012-12-25 14:28:33.628800,375.7088
2374,2012-12-25 18:06:43.228800,362.8329
2375,2012-12-25 21:44:52.828800,353.58136
2376,2012-12-26 01:23:02.428800,339.9804
2377,2012-12-26 05:01:12.028800,338.0839
2378,2012-12-26 08:39:21.628800,358.92343
2379,2012-12-26 12:17:31.228800,346.1795
2380,2012-12-26 15:55:40.828800,356.40152
2381,2012-12-26 19:33:50.428800,355.15845
2382,2012-12-26 23:12:00.028800,342.5756
2383,2012-12-27 02:50:09.628800,342.608
2384,2012-12-27 06:28:19.228800,343.48822
2385,2012-12-27 10:06:28.828800,356.8336
2386,2012-12-27 13:44:38.428800,350.33292
2387,2012-12-27 17:22:48.028800,355.80786
2388,2012-12-27 21:00:57.628800,355.31082
2389,2012-12-28 00:39:07.228800,347.88654
2390,2012-12-28 04:17:16.828800,346.62976
2391,2012-12-28 07:55:26.428800,345.1466
2392,2012-12-28 11:33:36.028800,356.18405
2393,2012-12-28 15:11:45.628800,363.53186
2394,2012-12-28 18:49:55.228800,358.0435
2395,2012-12-28 22:28:04.828800,340.76562
2396,2012-12-29 02:06:14.428800,340.57263
2397,2012-12-29 05:44:24.028800,344.65558
2398,2012-12-29 09:22:33.628800,346.54877
2399,2012-12-29 13:00:43.228800,362.80096
2400,2012-12-29 16:38:52.828800,365.22147
2401,2012-12-29 20:17:02.428800,354.14133
2402,2012-12-29 23:55:12.028800,346.21954
2403,2012-12-30 03:33:21.628800,350.2313
2404,2012-12-30 07:11:31.228800,358.29398
2405,2012-12-30 10:49:40.828800,364.8492
2406,2012-12-30 14:27:50.428800,376.9221
2407,2012-12-30 18:06:00.028800,385.45792
2408,2012-12-30 21:44:09.628800,382.424
2409,2012-12-31 01:22:19.228800,382.73218
2410,2012-12-31 05:00:28.828800,365.12848
2411,2012-12-31 08:38:38.428800,369.24286
2412,2012-12-31 12:16:48.028800,380.09528
2413,2012-12-31 15:54:57.628800,384.34814
2414,2012-12-31 19:33:07.228800,390.12372
2415,2012-12-31 23:11:16.828800,392.609
